抓取日期,發行機構代碼,發行機構名稱,債券名稱,掛牌日期,發行資料
2026-09-04,2436,偉詮電子股份有限公司,偉詮電子股份有限公司國內第一次無擔保轉換公司債,112/09/11,https://mopsov.twse.com.tw/mops/web/t120sg01?TYPEK=&bond_id=24361&bond_kind=5&bond_subn=%24M00000001&bond_yrn=1&come=2&encodeURIComponent=1&firstin=ture&issuer_stock_code=2436&monyr_reg=202608&pg=&step=0&tg=
2026-09-04,1526,日馳企業股份有限公司,日馳企業股份有限公司國內第一次無擔保轉換公司債,112/09/19,https://mopsov.twse.com.tw/mops/web/t120sg01?TYPEK=&bond_id=15261&bond_kind=5&bond_subn=%24M00000001&bond_yrn=1&come=2&encodeURIComponent=1&firstin=ture&issuer_stock_code=1526&monyr_reg=202608&pg=&step=0&tg=
2026-09-04,2906,高林實業股份有限公司,高林實業股份有限公司國內第一次無擔保轉換公司債,112/09/20,https://mopsov.twse.com.tw/mops/web/t120sg01?TYPEK=&bond_id=29061&bond_kind=5&bond_subn=%24M00000001&bond_yrn=1&come=2&encodeURIComponent=1&firstin=ture&issuer_stock_code=2906&monyr_reg=202608&pg=&step=0&tg=
2026-09-04,4564,元翎精密工業股份有限公司,元翎精密工業股份有限公司國內第一次無擔保轉換公司債,112/09/26,https://mopsov.twse.com.tw/mops/web/t120sg01?TYPEK=&bond_id=45641&bond_kind=5&bond_subn=%24M00000001&bond_yrn=1&come=2&encodeURIComponent=1&firstin=ture&issuer_stock_code=4564&monyr_reg=202608&pg=&step=0&tg=
2026-09-04,3708,上緯國際投資控股股份有限公司,上緯國際投資控股股份有限公司國內第三次有擔保轉換公司債,110/09/27,https://mopsov.twse.com.tw/mops/web/t120sg01?TYPEK=&bond_id=37083&bond_kind=5&bond_subn=%24M00000001&bond_yrn=3&come=2&encodeURIComponent=1&firstin=ture&issuer_stock_code=3708&monyr_reg=202608&pg=&step=0&tg=
2026-09-04,8473,山林水環境工程股份有限公司,山林水環境工程股份有限公司國內第二次無擔保轉換公司債,110/09/28,https://mopsov.twse.com.tw/mops/web/t120sg01?TYPEK=&bond_id=84732&bond_kind=5&bond_subn=%24M00000001&bond_yrn=2&come=2&encodeURIComponent=1&firstin=ture&issuer_stock_code=8473&monyr_reg=202608&pg=&step=0&tg=
2026-09-04,3708,上緯國際投資控股股份有限公司,上緯國際投資控股股份有限公司國內第四次無擔保轉換公司債,110/09/28,https://mopsov.twse.com.tw/mops/web/t120sg01?TYPEK=&bond_id=37084&bond_kind=5&bond_subn=%24M00000001&bond_yrn=4&come=2&encodeURIComponent=1&firstin=ture&issuer_stock_code=3708&monyr_reg=202608&pg=&step=0&tg=
2026-09-04,6873,泓德能源科技股份有限公司,泓德能源科技股份有限公司國內第一次無擔保轉換公司債,112/09/28,https://mopsov.twse.com.tw/mops/web/t120sg01?TYPEK=&bond_id=68731&bond_kind=5&bond_subn=%24M00000001&bond_yrn=1&come=2&encodeURIComponent=1&firstin=ture&issuer_stock_code=6873&monyr_reg=202608&pg=&step=0&tg=
2026-09-04,5209,新鼎系統股份有限公司,新鼎系統股份有限公司國內第一次無擔保轉換公司債,112/10/06,https://mopsov.twse.com.tw/mops/web/t120sg01?TYPEK=&bond_id=52091&bond_kind=5&bond_subn=%24M00000001&bond_yrn=1&come=2&encodeURIComponent=1&firstin=ture&issuer_stock_code=5209&monyr_reg=202608&pg=&step=0&tg=
2026-09-04,3680,家登精密工業股份有限公司,家登精密工業股份有限公司國內第四次無擔保轉換公司債,112/10/18,https://mopsov.twse.com.tw/mops/web/t120sg01?TYPEK=&bond_id=36804&bond_kind=5&bond_subn=%24M00000002&bond_yrn=4&come=2&encodeURIComponent=1&firstin=ture&issuer_stock_code=3680&monyr_reg=202608&pg=&step=0&tg=
2026-09-04,8442,威宏控股股份有限公司,威宏控股股份有限公司中華民國境內第二次有擔保轉換公司債,112/10/19,https://mopsov.twse.com.tw/mops/web/t120sg01?TYPEK=&bond_id=84422&bond_kind=5&bond_subn=%24M00000001&bond_yrn=2&come=2&encodeURIComponent=1&firstin=ture&issuer_stock_code=8442&monyr_reg=202608&pg=&step=0&tg=
2026-09-04,6552,易華電子股份有限公司,易華電子股份有限公司國內第一次有擔保轉換公司債,110/10/25,https://mopsov.twse.com.tw/mops/web/t120sg01?TYPEK=&bond_id=65521&bond_kind=5&bond_subn=%24M00000001&bond_yrn=1&come=2&encodeURIComponent=1&firstin=ture&issuer_stock_code=6552&monyr_reg=202608&pg=&step=0&tg=
2026-09-04,6585,鼎基先進材料股份有限公司,鼎基先進材料股份有限公司國內第一次有擔保轉換公司債,112/10/26,https://mopsov.twse.com.tw/mops/web/t120sg01?TYPEK=&bond_id=65851&bond_kind=5&bond_subn=%24M00000001&bond_yrn=1&come=2&encodeURIComponent=1&firstin=ture&issuer_stock_code=6585&monyr_reg=202608&pg=&step=0&tg=
2026-09-04,6585,鼎基先進材料股份有限公司,鼎基先進材料股份有限公司國內第二次無擔保轉換公司債,112/10/27,https://mopsov.twse.com.tw/mops/web/t120sg01?TYPEK=&bond_id=65852&bond_kind=5&bond_subn=%24M00000001&bond_yrn=2&come=2&encodeURIComponent=1&firstin=ture&issuer_stock_code=6585&monyr_reg=202608&pg=&step=0&tg=
2026-09-04,4739,康普材料科技股份有限公司,康普材料科技股份有限公司國內第三次有擔保轉換公司債,110/10/28,https://mopsov.twse.com.tw/mops/web/t120sg01?TYPEK=&bond_id=47393&bond_kind=5&bond_subn=%24M00000001&bond_yrn=3&come=2&encodeURIComponent=1&firstin=ture&issuer_stock_code=4739&monyr_reg=202608&pg=&step=0&tg=
2026-09-04,3357,西北臺慶科技股份有限公司,西北臺慶科技股份有限公司國內第一次無擔保轉換公司債,112/10/31,https://mopsov.twse.com.tw/mops/web/t120sg01?TYPEK=&bond_id=33571&bond_kind=5&bond_subn=%24M00000001&bond_yrn=1&come=2&encodeURIComponent=1&firstin=ture&issuer_stock_code=3357&monyr_reg=202608&pg=&step=0&tg=
2026-09-04,5306,桂盟國際股份有限公司,桂盟國際股份有限公司國內第四次有擔保轉換公司債,112/11/08,https://mopsov.twse.com.tw/mops/web/t120sg01?TYPEK=&bond_id=53064&bond_kind=5&bond_subn=%24M00000001&bond_yrn=4&come=2&encodeURIComponent=1&firstin=ture&issuer_stock_code=5306&monyr_reg=202608&pg=&step=0&tg=
2026-09-04,4566,時碩工業股份有限公司,時碩工業股份有限公司國內第三次無擔保轉換公司債,112/11/27,https://mopsov.twse.com.tw/mops/web/t120sg01?TYPEK=&bond_id=45663&bond_kind=5&bond_subn=%24M00000001&bond_yrn=3&come=2&encodeURIComponent=1&firstin=ture&issuer_stock_code=4566&monyr_reg=202608&pg=&step=0&tg=
2026-09-04,6126,信音企業股份有限公司,信音企業股份有限公司國內第三次無擔保轉換公司債,112/11/30,https://mopsov.twse.com.tw/mops/web/t120sg01?TYPEK=&bond_id=61263&bond_kind=5&bond_subn=%24M00000001&bond_yrn=3&come=2&encodeURIComponent=1&firstin=ture&issuer_stock_code=6126&monyr_reg=202608&pg=&step=0&tg=
2026-09-04,6284,佳邦科技股份有限公司,佳邦科技股份有限公司國內第三次無擔保轉換公司債,112/12/14,https://mopsov.twse.com.tw/mops/web/t120sg01?TYPEK=&bond_id=62843&bond_kind=5&bond_subn=%24M00000001&bond_yrn=3&come=2&encodeURIComponent=1&firstin=ture&issuer_stock_code=6284&monyr_reg=202608&pg=&step=0&tg=
2026-09-04,3522,御嵿國際股份有限公司,御嵿國際股份有限公司國內第一次有擔保轉換公司債,112/12/18,https://mopsov.twse.com.tw/mops/web/t120sg01?TYPEK=&bond_id=35221&bond_kind=5&bond_subn=%24M00000001&bond_yrn=1&come=2&encodeURIComponent=1&firstin=ture&issuer_stock_code=3522&monyr_reg=202608&pg=&step=0&tg=
2026-09-04,8488,吉源控股股份有限公司,吉源控股股份有限公司中華民國境內第一次有擔保轉換公司債,112/12/19,https://mopsov.twse.com.tw/mops/web/t120sg01?TYPEK=&bond_id=84881&bond_kind=5&bond_subn=%24M00000001&bond_yrn=1&come=2&encodeURIComponent=1&firstin=ture&issuer_stock_code=8488&monyr_reg=202608&pg=&step=0&tg=
2026-09-04,1909,榮成紙業股份有限公司,榮成紙業股份有限公司國內第二次無擔保轉換公司債,110/12/20,https://mopsov.twse.com.tw/mops/web/t120sg01?TYPEK=&bond_id=19094&bond_kind=5&bond_subn=%24M00000001&bond_yrn=4&come=2&encodeURIComponent=1&firstin=ture&issuer_stock_code=1909&monyr_reg=202608&pg=&step=0&tg=
2026-09-04,3305,昇貿科技股份有限公司,昇貿科技股份有限公司國內第五次無擔保轉換公司債,112/12/25,https://mopsov.twse.com.tw/mops/web/t120sg01?TYPEK=&bond_id=33055&bond_kind=5&bond_subn=%24M00000001&bond_yrn=5&come=2&encodeURIComponent=1&firstin=ture&issuer_stock_code=3305&monyr_reg=202608&pg=&step=0&tg=
2026-09-04,3548,兆利科技工業股份有限公司,兆利科技工業股份有限公司國內第二次無擔保轉換公司債,113/01/08,https://mopsov.twse.com.tw/mops/web/t120sg01?TYPEK=&bond_id=35482&bond_kind=5&bond_subn=%24M00000001&bond_yrn=2&come=2&encodeURIComponent=1&firstin=ture&issuer_stock_code=3548&monyr_reg=202608&pg=&step=0&tg=
2026-09-04,8104,錸寶科技股份有限公司,錸寶科技股份有限公司國內第二次無擔保轉換公司債,111/01/11,https://mopsov.twse.com.tw/mops/web/t120sg01?TYPEK=&bond_id=81042&bond_kind=5&bond_subn=%24M00000001&bond_yrn=2&come=2&encodeURIComponent=1&firstin=ture&issuer_stock_code=8104&monyr_reg=202608&pg=&step=0&tg=
2026-09-04,3479,安勤科技股份有限公司,安勤科技股份有限公司國內第三次無擔保轉換公司債,113/01/22,https://mopsov.twse.com.tw/mops/web/t120sg01?TYPEK=&bond_id=34793&bond_kind=5&bond_subn=%24M00000001&bond_yrn=3&come=2&encodeURIComponent=1&firstin=ture&issuer_stock_code=3479&monyr_reg=202608&pg=&step=0&tg=
2026-09-04,3416,融程電訊股份有限公司,融程電訊股份有限公司國內第三次無擔保轉換公司債,113/01/25,https://mopsov.twse.com.tw/mops/web/t120sg01?TYPEK=&bond_id=34163&bond_kind=5&bond_subn=%24M00000001&bond_yrn=3&come=2&encodeURIComponent=1&firstin=ture&issuer_stock_code=3416&monyr_reg=202608&pg=&step=0&tg=
2026-09-04,2476,鉅祥企業股份有限公司,鉅祥企業股份有限公司國內第二次無擔保轉換公司債,113/01/26,https://mopsov.twse.com.tw/mops/web/t120sg01?TYPEK=&bond_id=24762&bond_kind=5&bond_subn=%24M00000001&bond_yrn=2&come=2&encodeURIComponent=1&firstin=ture&issuer_stock_code=2476&monyr_reg=202608&pg=&step=0&tg=
2026-09-04,2732,六角國際事業股份有限公司,六角國際事業股份有限公司國內第三次無擔保轉換公司債,113/01/26,https://mopsov.twse.com.tw/mops/web/t120sg01?TYPEK=&bond_id=27323&bond_kind=5&bond_subn=%24M00000001&bond_yrn=3&come=2&encodeURIComponent=1&firstin=ture&issuer_stock_code=2732&monyr_reg=202608&pg=&step=0&tg=
2026-09-04,3526,凡甲科技股份有限公司,凡甲科技股份有限公司國內第五次無擔保轉換公司債,111/02/14,https://mopsov.twse.com.tw/mops/web/t120sg01?TYPEK=&bond_id=35265&bond_kind=5&bond_subn=%24M00000001&bond_yrn=5&come=2&encodeURIComponent=1&firstin=ture&issuer_stock_code=3526&monyr_reg=202608&pg=&step=0&tg=
2026-09-04,5263,智崴資訊科技股份有限公司,智崴資訊科技股份有限公司國內第五次有擔保轉換公司債,113/03/04,https://mopsov.twse.com.tw/mops/web/t120sg01?TYPEK=&bond_id=52635&bond_kind=5&bond_subn=%24M00000001&bond_yrn=5&come=2&encodeURIComponent=1&firstin=ture&issuer_stock_code=5263&monyr_reg=202608&pg=&step=0&tg=
2026-09-04,5321,美而快國際股份有限公司,美而快國際股份有限公司國內第一次無擔保轉換公司債,113/03/04,https://mopsov.twse.com.tw/mops/web/t120sg01?TYPEK=&bond_id=53211&bond_kind=5&bond_subn=%24M00000001&bond_yrn=1&come=2&encodeURIComponent=1&firstin=ture&issuer_stock_code=5321&monyr_reg=202608&pg=&step=0&tg=
2026-09-04,3689,湧德電子股份有限公司,湧德電子股份有限公司國內第四次無擔保轉換公司債,113/03/05,https://mopsov.twse.com.tw/mops/web/t120sg01?TYPEK=&bond_id=36894&bond_kind=5&bond_subn=%24M00000001&bond_yrn=4&come=2&encodeURIComponent=1&firstin=ture&issuer_stock_code=3689&monyr_reg=202609&pg=&step=0&tg=
2026-09-04,5457,宣德科技股份有限公司,宣德科技股份有限公司國內第三次無擔保轉換公司債,113/03/06,https://mopsov.twse.com.tw/mops/web/t120sg01?TYPEK=&bond_id=54573&bond_kind=5&bond_subn=%24M00000001&bond_yrn=3&come=2&encodeURIComponent=1&firstin=ture&issuer_stock_code=5457&monyr_reg=202608&pg=&step=0&tg=
2026-09-04,6184,大豐有線電視股份有限公司,大豐有線電視股份有限公司國內第三次無擔保轉換公司債,113/03/06,https://mopsov.twse.com.tw/mops/web/t120sg01?TYPEK=&bond_id=61843&bond_kind=5&bond_subn=%24M00000001&bond_yrn=3&come=2&encodeURIComponent=1&firstin=ture&issuer_stock_code=6184&monyr_reg=202608&pg=&step=0&tg=
2026-09-04,6150,撼訊科技股份有限公司,撼訊科技股份有限公司國內第六次無擔保轉換公司債,113/03/07,https://mopsov.twse.com.tw/mops/web/t120sg01?TYPEK=&bond_id=61506&bond_kind=5&bond_subn=%24M00000001&bond_yrn=6&come=2&encodeURIComponent=1&firstin=ture&issuer_stock_code=6150&monyr_reg=202608&pg=&step=0&tg=
2026-09-04,8092,建暐精密科技股份有限公司,建暐精密科技股份有限公司國內第四次有擔保轉換公司債,113/03/11,https://mopsov.twse.com.tw/mops/web/t120sg01?TYPEK=&bond_id=80924&bond_kind=5&bond_subn=%24M00000001&bond_yrn=4&come=2&encodeURIComponent=1&firstin=ture&issuer_stock_code=8092&monyr_reg=202608&pg=&step=0&tg=
2026-09-04,3207,耀勝電子股份有限公司,耀勝電子股份有限公司國內第一次無擔保轉換公司債,113/03/25,https://mopsov.twse.com.tw/mops/web/t120sg01?TYPEK=&bond_id=32071&bond_kind=5&bond_subn=%24M00000001&bond_yrn=1&come=2&encodeURIComponent=1&firstin=ture&issuer_stock_code=3207&monyr_reg=202608&pg=&step=0&tg=
2026-09-04,3122,笙泉科技股份有限公司,笙泉科技股份有限公司國內第二次無擔保轉換公司債,113/05/03,https://mopsov.twse.com.tw/mops/web/t120sg01?TYPEK=&bond_id=31222&bond_kind=5&bond_subn=%24M00000001&bond_yrn=2&come=2&encodeURIComponent=1&firstin=ture&issuer_stock_code=3122&monyr_reg=202608&pg=&step=0&tg=
2026-09-04,3141,晶宏半導體股份有限公司,晶宏半導體股份有限公司國內第三次無擔保轉換公司債,113/05/20,https://mopsov.twse.com.tw/mops/web/t120sg01?TYPEK=&bond_id=31413&bond_kind=5&bond_subn=%24M00000001&bond_yrn=3&come=2&encodeURIComponent=1&firstin=ture&issuer_stock_code=3141&monyr_reg=202608&pg=&step=0&tg=
2026-09-04,3483,力致科技股份有限公司,力致科技股份有限公司國內第四次無擔保轉換公司債,113/05/22,https://mopsov.twse.com.tw/mops/web/t120sg01?TYPEK=&bond_id=34834&bond_kind=5&bond_subn=%24M00000001&bond_yrn=4&come=2&encodeURIComponent=1&firstin=ture&issuer_stock_code=3483&monyr_reg=202608&pg=&step=0&tg=
2026-09-04,8433,弘帆股份有限公司,弘帆股份有限公司國內第二次無擔保轉換公司債,113/05/24,https://mopsov.twse.com.tw/mops/web/t120sg01?TYPEK=&bond_id=84332&bond_kind=5&bond_subn=%24M00000001&bond_yrn=2&come=2&encodeURIComponent=1&firstin=ture&issuer_stock_code=8433&monyr_reg=202608&pg=&step=0&tg=
2026-09-04,6117,迎廣科技股份有限公司,迎廣科技股份有限公司國內第一次無擔保轉換公司債,113/05/27,https://mopsov.twse.com.tw/mops/web/t120sg01?TYPEK=&bond_id=61171&bond_kind=5&bond_subn=%24M00000001&bond_yrn=1&come=2&encodeURIComponent=1&firstin=ture&issuer_stock_code=6117&monyr_reg=202608&pg=&step=0&tg=
2026-09-04,8433,弘帆股份有限公司,弘帆股份有限公司國內第三次無擔保轉換公司債,113/05/27,https://mopsov.twse.com.tw/mops/web/t120sg01?TYPEK=&bond_id=84333&bond_kind=5&bond_subn=%24M00000001&bond_yrn=3&come=2&encodeURIComponent=1&firstin=ture&issuer_stock_code=8433&monyr_reg=202608&pg=&step=0&tg=
2026-09-04,6840,東研信超股份有限公司,東研信超股份有限公司國內第一次無擔保轉換公司債,113/05/27,https://mopsov.twse.com.tw/mops/web/t120sg01?TYPEK=&bond_id=68401&bond_kind=5&bond_subn=%24M00000001&bond_yrn=1&come=2&encodeURIComponent=1&firstin=ture&issuer_stock_code=6840&monyr_reg=202608&pg=&step=0&tg=
2026-09-04,8467,波力環球企業股份有限公司,波力環球企業股份有限公司中華民國境內第二次有擔保轉換公司債,113/05/30,https://mopsov.twse.com.tw/mops/web/t120sg01?TYPEK=&bond_id=84672&bond_kind=5&bond_subn=%24M00000001&bond_yrn=2&come=2&encodeURIComponent=1&firstin=ture&issuer_stock_code=8467&monyr_reg=202608&pg=&step=0&tg=
2026-09-04,2756,聯發國際餐飲事業股份有限公司,聯發國際餐飲事業股份有限公司國內第一次無擔保轉換公司債,113/05/30,https://mopsov.twse.com.tw/mops/web/t120sg01?TYPEK=&bond_id=27561&bond_kind=5&bond_subn=%24M00000001&bond_yrn=1&come=2&encodeURIComponent=1&firstin=ture&issuer_stock_code=2756&monyr_reg=202608&pg=&step=0&tg=
2026-09-04,8467,波力環球企業股份有限公司,波力環球企業股份有限公司中華民國境內第三次無擔保轉換公司債,113/05/31,https://mopsov.twse.com.tw/mops/web/t120sg01?TYPEK=&bond_id=84673&bond_kind=5&bond_subn=%24M00000001&bond_yrn=3&come=2&encodeURIComponent=1&firstin=ture&issuer_stock_code=8467&monyr_reg=202608&pg=&step=0&tg=
2026-09-04,3033,威健實業股份有限公司,威健實業股份有限公司國內第六次無擔保轉換公司債,111/06/01,https://mopsov.twse.com.tw/mops/web/t120sg01?TYPEK=&bond_id=30336&bond_kind=5&bond_subn=%24M00000001&bond_yrn=6&come=2&encodeURIComponent=1&firstin=ture&issuer_stock_code=3033&monyr_reg=202608&pg=&step=0&tg=
2026-09-04,6546,正基科技股份有限公司,正基科技股份有限公司國內第一次無擔保轉換公司債,113/06/05,https://mopsov.twse.com.tw/mops/web/t120sg01?TYPEK=&bond_id=65461&bond_kind=5&bond_subn=%24M00000001&bond_yrn=1&come=2&encodeURIComponent=1&firstin=ture&issuer_stock_code=6546&monyr_reg=202608&pg=&step=0&tg=
2026-09-04,6125,廣運機械工程股份有限公司,廣運機械工程股份有限公司國內第五次無擔保轉換公司債,113/06/21,https://mopsov.twse.com.tw/mops/web/t120sg01?TYPEK=&bond_id=61255&bond_kind=5&bond_subn=%24M00000001&bond_yrn=5&come=2&encodeURIComponent=1&firstin=ture&issuer_stock_code=6125&monyr_reg=202608&pg=&step=0&tg=
2026-09-04,6753,龍德造船工業股份有限公司,龍德造船工業股份有限公司國內第一次無擔保轉換公司債,113/06/25,https://mopsov.twse.com.tw/mops/web/t120sg01?TYPEK=&bond_id=67531&bond_kind=5&bond_subn=%24M00000001&bond_yrn=1&come=2&encodeURIComponent=1&firstin=ture&issuer_stock_code=6753&monyr_reg=202608&pg=&step=0&tg=
2026-09-04,6243,迅杰科技股份有限公司,迅杰科技股份有限公司國內第三次無擔保轉換公司債,113/06/25,https://mopsov.twse.com.tw/mops/web/t120sg01?TYPEK=&bond_id=62433&bond_kind=5&bond_subn=%24M00000001&bond_yrn=3&come=2&encodeURIComponent=1&firstin=ture&issuer_stock_code=6243&monyr_reg=202608&pg=&step=0&tg=
2026-09-04,3312,弘憶國際股份有限公司,弘憶國際股份有限公司國內第一次無擔保轉換公司債,113/06/25,https://mopsov.twse.com.tw/mops/web/t120sg01?TYPEK=&bond_id=33121&bond_kind=5&bond_subn=%24M00000001&bond_yrn=1&come=2&encodeURIComponent=1&firstin=ture&issuer_stock_code=3312&monyr_reg=202608&pg=&step=0&tg=
2026-09-04,6509,聚和國際股份有限公司,聚和國際股份有限公司國內第六次無擔保轉換公司債,113/07/03,https://mopsov.twse.com.tw/mops/web/t120sg01?TYPEK=&bond_id=65096&bond_kind=5&bond_subn=%24M00000001&bond_yrn=6&come=2&encodeURIComponent=1&firstin=ture&issuer_stock_code=6509&monyr_reg=202608&pg=&step=0&tg=
2026-09-04,2439,美律實業股份有限公司,美律實業股份有限公司國內第四次無擔保轉換公司債,113/07/10,https://mopsov.twse.com.tw/mops/web/t120sg01?TYPEK=&bond_id=24394&bond_kind=5&bond_subn=%24M00000001&bond_yrn=4&come=2&encodeURIComponent=1&firstin=ture&issuer_stock_code=2439&monyr_reg=202608&pg=&step=0&tg=
2026-09-04,4190,佐登妮絲集團股份有限公司,佐登妮絲集團股份有限公司中華民國境內第三次有擔保轉換公司債,113/07/11,https://mopsov.twse.com.tw/mops/web/t120sg01?TYPEK=&bond_id=41903&bond_kind=5&bond_subn=%24M00000001&bond_yrn=3&come=2&encodeURIComponent=1&firstin=ture&issuer_stock_code=4190&monyr_reg=202608&pg=&step=0&tg=
2026-09-04,8027,鈦昇科技股份有限公司,鈦昇科技股份有限公司國內第三次無擔保轉換公司債,111/07/13,https://mopsov.twse.com.tw/mops/web/t120sg01?TYPEK=&bond_id=80273&bond_kind=5&bond_subn=%24M00000001&bond_yrn=3&come=2&encodeURIComponent=1&firstin=ture&issuer_stock_code=8027&monyr_reg=202608&pg=&step=0&tg=
2026-09-04,8478,東哥企業股份有限公司,東哥企業股份有限公司國內第一次無擔保轉換公司債,113/07/15,https://mopsov.twse.com.tw/mops/web/t120sg01?TYPEK=&bond_id=84781&bond_kind=5&bond_subn=%24M00000001&bond_yrn=1&come=2&encodeURIComponent=1&firstin=ture&issuer_stock_code=8478&monyr_reg=202608&pg=&step=0&tg=
2026-09-04,4572,駐龍精密機械股份有限公司,駐龍精密機械股份有限公司國內第一次無擔保轉換公司債,113/07/16,https://mopsov.twse.com.tw/mops/web/t120sg01?TYPEK=&bond_id=45721&bond_kind=5&bond_subn=%24M00000001&bond_yrn=1&come=2&encodeURIComponent=1&firstin=ture&issuer_stock_code=4572&monyr_reg=202608&pg=&step=0&tg=
2026-09-04,6477,安集科技股份有限公司,安集科技股份有限公司國內第四次無擔保轉換公司債,111/07/21,https://mopsov.twse.com.tw/mops/web/t120sg01?TYPEK=&bond_id=64774&bond_kind=5&bond_subn=%24M00000001&bond_yrn=4&come=2&encodeURIComponent=1&firstin=ture&issuer_stock_code=6477&monyr_reg=202608&pg=&step=0&tg=
2026-09-04,2439,美律實業股份有限公司,美律實業股份有限公司國內第五次無擔保轉換公司債,113/07/22,https://mopsov.twse.com.tw/mops/web/t120sg01?TYPEK=&bond_id=24395&bond_kind=5&bond_subn=%24M00000001&bond_yrn=5&come=2&encodeURIComponent=1&firstin=ture&issuer_stock_code=2439&monyr_reg=202608&pg=&step=0&tg=
2026-09-04,3016,嘉晶電子股份有限公司,嘉晶電子股份有限公司國內第五次無擔保轉換公司債,113/07/26,https://mopsov.twse.com.tw/mops/web/t120sg01?TYPEK=&bond_id=30165&bond_kind=5&bond_subn=%24M00000001&bond_yrn=5&come=2&encodeURIComponent=1&firstin=ture&issuer_stock_code=3016&monyr_reg=202608&pg=&step=0&tg=
2026-09-04,2641,正德海運股份有限公司,正德海運股份有限公司國內第七次無擔保轉換公司債,113/07/26,https://mopsov.twse.com.tw/mops/web/t120sg01?TYPEK=&bond_id=26417&bond_kind=5&bond_subn=%24M00000001&bond_yrn=7&come=2&encodeURIComponent=1&firstin=ture&issuer_stock_code=2641&monyr_reg=202608&pg=&step=0&tg=
2026-09-04,6269,台郡科技股份有限公司,台郡科技股份有限公司國內第五次無擔保轉換公司債,113/08/02,https://mopsov.twse.com.tw/mops/web/t120sg01?TYPEK=&bond_id=62695&bond_kind=5&bond_subn=%24M00000001&bond_yrn=5&come=2&encodeURIComponent=1&firstin=ture&issuer_stock_code=6269&monyr_reg=202608&pg=&step=0&tg=
2026-09-04,6269,台郡科技股份有限公司,台郡科技股份有限公司國內第六次無擔保轉換公司債,113/08/02,https://mopsov.twse.com.tw/mops/web/t120sg01?TYPEK=&bond_id=62696&bond_kind=5&bond_subn=%24M00000001&bond_yrn=6&come=2&encodeURIComponent=1&firstin=ture&issuer_stock_code=6269&monyr_reg=202608&pg=&step=0&tg=
2026-09-04,3605,宏致電子股份有限公司,宏致電子股份有限公司國內第三次無擔保轉換公司債,113/08/06,https://mopsov.twse.com.tw/mops/web/t120sg01?TYPEK=&bond_id=36053&bond_kind=5&bond_subn=%24M00000001&bond_yrn=3&come=2&encodeURIComponent=1&firstin=ture&issuer_stock_code=3605&monyr_reg=202608&pg=&step=0&tg=
2026-09-04,4137,麗豐股份有限公司,麗豐股份有限公司中華民國境內第二次無擔保轉換公司債,113/08/12,https://mopsov.twse.com.tw/mops/web/t120sg01?TYPEK=&bond_id=41372&bond_kind=5&bond_subn=%24M00000001&bond_yrn=2&come=2&encodeURIComponent=1&firstin=ture&issuer_stock_code=4137&monyr_reg=202608&pg=&step=0&tg=
2026-09-04,1536,和大工業股份有限公司,和大工業股份有限公司國內第四次無擔保轉換公司債,113/08/12,https://mopsov.twse.com.tw/mops/web/t120sg01?TYPEK=&bond_id=15364&bond_kind=5&bond_subn=%24M00000001&bond_yrn=4&come=2&encodeURIComponent=1&firstin=ture&issuer_stock_code=1536&monyr_reg=202608&pg=&step=0&tg=
2026-09-04,3518,柏騰科技股份有限公司,柏騰科技股份有限公司國內第一次有擔保轉換公司債,113/08/15,https://mopsov.twse.com.tw/mops/web/t120sg01?TYPEK=&bond_id=35181&bond_kind=5&bond_subn=%24M00000001&bond_yrn=1&come=2&encodeURIComponent=1&firstin=ture&issuer_stock_code=3518&monyr_reg=202608&pg=&step=0&tg=
2026-09-04,6830,汎銓科技股份有限公司,汎銓科技股份有限公司國內第一次無擔保轉換公司債,113/08/15,https://mopsov.twse.com.tw/mops/web/t120sg01?TYPEK=&bond_id=68301&bond_kind=5&bond_subn=%24M00000001&bond_yrn=1&come=2&encodeURIComponent=1&firstin=ture&issuer_stock_code=6830&monyr_reg=202608&pg=&step=0&tg=
2026-09-04,8091,翔名科技股份有限公司,翔名科技股份有限公司國內第四次無擔保轉換公司債,113/08/15,https://mopsov.twse.com.tw/mops/web/t120sg01?TYPEK=&bond_id=80914&bond_kind=5&bond_subn=%24M00000001&bond_yrn=4&come=2&encodeURIComponent=1&firstin=ture&issuer_stock_code=8091&monyr_reg=202608&pg=&step=0&tg=
2026-09-04,8927,北基國際股份有限公司,北基國際股份有限公司國內第七次有擔保轉換公司債,113/08/16,https://mopsov.twse.com.tw/mops/web/t120sg01?TYPEK=&bond_id=89277&bond_kind=5&bond_subn=%24M00000001&bond_yrn=7&come=2&encodeURIComponent=1&firstin=ture&issuer_stock_code=8927&monyr_reg=202608&pg=&step=0&tg=
2026-09-04,6432,今展科技股份有限公司,今展科技股份有限公司國內第四次無擔保轉換公司債,113/08/16,https://mopsov.twse.com.tw/mops/web/t120sg01?TYPEK=&bond_id=64324&bond_kind=5&bond_subn=%24M00000001&bond_yrn=4&come=2&encodeURIComponent=1&firstin=ture&issuer_stock_code=6432&monyr_reg=202608&pg=&step=0&tg=
2026-09-04,8927,北基國際股份有限公司,北基國際股份有限公司國內第八次無擔保轉換公司債,113/08/21,https://mopsov.twse.com.tw/mops/web/t120sg01?TYPEK=&bond_id=89278&bond_kind=5&bond_subn=%24M00000001&bond_yrn=8&come=2&encodeURIComponent=1&firstin=ture&issuer_stock_code=8927&monyr_reg=202608&pg=&step=0&tg=
2026-09-04,6104,創惟科技股份有限公司,創惟科技股份有限公司國內第一次無擔保轉換公司債,111/08/26,https://mopsov.twse.com.tw/mops/web/t120sg01?TYPEK=&bond_id=61041&bond_kind=5&bond_subn=%24M00000001&bond_yrn=1&come=2&encodeURIComponent=1&firstin=ture&issuer_stock_code=6104&monyr_reg=202608&pg=&step=0&tg=
2026-09-04,1436,華友聯開發股份有限公司,華友聯開發股份有限公司國內第三次無擔保轉換公司債,113/08/27,https://mopsov.twse.com.tw/mops/web/t120sg01?TYPEK=&bond_id=14363&bond_kind=5&bond_subn=%24M00000001&bond_yrn=3&come=2&encodeURIComponent=1&firstin=ture&issuer_stock_code=1436&monyr_reg=202608&pg=&step=0&tg=
2026-09-04,6179,亞通利大能源股份有限公司,亞通利大能源股份有限公司國內第四次無擔保轉換公司債,113/08/28,https://mopsov.twse.com.tw/mops/web/t120sg01?TYPEK=&bond_id=61794&bond_kind=5&bond_subn=%24M00000001&bond_yrn=4&come=2&encodeURIComponent=1&firstin=ture&issuer_stock_code=6179&monyr_reg=202608&pg=&step=0&tg=
2026-09-04,2228,劍麟股份有限公司,劍麟股份有限公司國內第三次無擔保轉換公司債,113/08/29,https://mopsov.twse.com.tw/mops/web/t120sg01?TYPEK=&bond_id=22283&bond_kind=5&bond_subn=%24M00000001&bond_yrn=3&come=2&encodeURIComponent=1&firstin=ture&issuer_stock_code=2228&monyr_reg=202608&pg=&step=0&tg=
2026-09-04,3691,碩禾電子材料股份有限公司,碩禾電子材料股份有限公司國內第三次有擔保轉換公司債,113/08/30,https://mopsov.twse.com.tw/mops/web/t120sg01?TYPEK=&bond_id=36913&bond_kind=5&bond_subn=%24M00000001&bond_yrn=3&come=2&encodeURIComponent=1&firstin=ture&issuer_stock_code=3691&monyr_reg=202608&pg=&step=0&tg=
2026-09-04,3322,建舜電子製造股份有限公司,建舜電子製造股份有限公司國內第五次無擔保轉換公司債,113/09/02,https://mopsov.twse.com.tw/mops/web/t120sg01?TYPEK=&bond_id=33225&bond_kind=5&bond_subn=%24M00000001&bond_yrn=5&come=2&encodeURIComponent=1&firstin=ture&issuer_stock_code=3322&monyr_reg=202608&pg=&step=0&tg=
2026-09-04,3564,其陽科技股份有限公司,其陽科技股份有限公司國內第二次無擔保轉換公司債,113/09/03,https://mopsov.twse.com.tw/mops/web/t120sg01?TYPEK=&bond_id=35642&bond_kind=5&bond_subn=%24M00000001&bond_yrn=2&come=2&encodeURIComponent=1&firstin=ture&issuer_stock_code=3564&monyr_reg=202608&pg=&step=0&tg=
2026-09-04,4542,科嶠工業股份有限公司,科嶠工業股份有限公司國內第一次無擔保轉換公司債,113/09/06,https://mopsov.twse.com.tw/mops/web/t120sg01?TYPEK=&bond_id=45421&bond_kind=5&bond_subn=%24M00000001&bond_yrn=1&come=2&encodeURIComponent=1&firstin=ture&issuer_stock_code=4542&monyr_reg=202608&pg=&step=0&tg=
2026-09-04,6111,大宇資訊股份有限公司,光聚晶電聯合股份有限公司國內第二次無擔保轉換公司債,113/09/10,https://mopsov.twse.com.tw/mops/web/t120sg01?TYPEK=&bond_id=61112&bond_kind=5&bond_subn=%24M00000001&bond_yrn=2&come=2&encodeURIComponent=1&firstin=ture&issuer_stock_code=6111&monyr_reg=202608&pg=&step=0&tg=
2026-09-04,6629,泰金投資控股股份有限公司,英屬開曼群島商泰金投資控股股份有限公司中華民國境內第二次無擔保轉換公司債,113/09/13,https://mopsov.twse.com.tw/mops/web/t120sg01?TYPEK=&bond_id=66292&bond_kind=5&bond_subn=%24M00000001&bond_yrn=2&come=2&encodeURIComponent=1&firstin=ture&issuer_stock_code=6629&monyr_reg=202608&pg=&step=0&tg=
2026-09-04,1781,合世生醫科技股份有限公司,合世生醫科技股份有限公司國內第三次有擔保轉換公司債,113/09/24,https://mopsov.twse.com.tw/mops/web/t120sg01?TYPEK=&bond_id=17813&bond_kind=5&bond_subn=%24M00000001&bond_yrn=3&come=2&encodeURIComponent=1&firstin=ture&issuer_stock_code=1781&monyr_reg=202608&pg=&step=0&tg=
2026-09-04,4416,三圓建設股份有限公司,三圓建設股份有限公司國內第三次有擔保轉換公司債,111/09/30,https://mopsov.twse.com.tw/mops/web/t120sg01?TYPEK=&bond_id=44163&bond_kind=5&bond_subn=%24M00000001&bond_yrn=3&come=2&encodeURIComponent=1&firstin=ture&issuer_stock_code=4416&monyr_reg=202608&pg=&step=0&tg=
2026-09-04,8147,正淩精密工業股份有限公司,正淩精密工業股份有限公司國內第三次無擔保轉換公司債,113/10/03,https://mopsov.twse.com.tw/mops/web/t120sg01?TYPEK=&bond_id=81473&bond_kind=5&bond_subn=%24M00000001&bond_yrn=3&come=2&encodeURIComponent=1&firstin=ture&issuer_stock_code=8147&monyr_reg=202608&pg=&step=0&tg=
2026-09-04,9935,慶豐富實業股份有限公司,慶豐富實業股份有限公司國內第三次無擔保轉換公司債,113/10/14,https://mopsov.twse.com.tw/mops/web/t120sg01?TYPEK=&bond_id=99353&bond_kind=5&bond_subn=%24M00000001&bond_yrn=3&come=2&encodeURIComponent=1&firstin=ture&issuer_stock_code=9935&monyr_reg=202608&pg=&step=0&tg=
2026-09-04,6197,佳必琪國際股份有限公司,佳必琪國際股份有限公司國內第三次無擔保轉換公司債,113/10/15,https://mopsov.twse.com.tw/mops/web/t120sg01?TYPEK=&bond_id=61973&bond_kind=5&bond_subn=%24M00000001&bond_yrn=3&come=2&encodeURIComponent=1&firstin=ture&issuer_stock_code=6197&monyr_reg=202608&pg=&step=0&tg=
2026-09-04,6863,Arizon RFID (Cayman)Technology,Arizon RFID Technology中華民國境內第一次無擔保轉換公司債,113/10/15,https://mopsov.twse.com.tw/mops/web/t120sg01?TYPEK=&bond_id=68631&bond_kind=5&bond_subn=%24M00000001&bond_yrn=1&come=2&encodeURIComponent=1&firstin=ture&issuer_stock_code=6863&monyr_reg=202608&pg=&step=0&tg=
2026-09-04,6425,易發精機股份有限公司,易發精機股份有限公司國內第一次有擔保轉換公司債,113/10/15,https://mopsov.twse.com.tw/mops/web/t120sg01?TYPEK=&bond_id=64251&bond_kind=5&bond_subn=%24M00000001&bond_yrn=1&come=2&encodeURIComponent=1&firstin=ture&issuer_stock_code=6425&monyr_reg=202608&pg=&step=0&tg=
2026-09-04,3013,晟銘電子科技股份有限公司,晟銘電子科技股份有限公司國內第四次有擔保轉換公司債,113/10/18,https://mopsov.twse.com.tw/mops/web/t120sg01?TYPEK=&bond_id=30134&bond_kind=5&bond_subn=%24M00000001&bond_yrn=4&come=2&encodeURIComponent=1&firstin=ture&issuer_stock_code=3013&monyr_reg=202608&pg=&step=0&tg=
2026-09-04,3516,亞帝歐光電股份有限公司,亞帝歐光電股份有限公司國內第一次有擔保轉換公司債,113/10/18,https://mopsov.twse.com.tw/mops/web/t120sg01?TYPEK=&bond_id=35161&bond_kind=5&bond_subn=%24M00000001&bond_yrn=1&come=2&encodeURIComponent=1&firstin=ture&issuer_stock_code=3516&monyr_reg=202608&pg=&step=0&tg=
2026-09-04,6706,惠特科技股份有限公司,惠特科技股份有限公司國內第二次無擔保轉換公司債,113/10/25,https://mopsov.twse.com.tw/mops/web/t120sg01?TYPEK=&bond_id=67062&bond_kind=5&bond_subn=%24M00000001&bond_yrn=2&come=2&encodeURIComponent=1&firstin=ture&issuer_stock_code=6706&monyr_reg=202608&pg=&step=0&tg=
2026-09-04,9958,世紀鋼鐵結構股份有限公司,世紀鋼鐵結構股份有限公司國內第七次無擔保轉換公司債,113/10/28,https://mopsov.twse.com.tw/mops/web/t120sg01?TYPEK=&bond_id=99587&bond_kind=5&bond_subn=%24M00000001&bond_yrn=7&come=2&encodeURIComponent=1&firstin=ture&issuer_stock_code=9958&monyr_reg=202608&pg=&step=0&tg=
2026-09-04,6768,志強國際企業股份有限公司,志強國際企業股份有限公司中華民國境內第一次無擔保轉換公司債,113/10/31,https://mopsov.twse.com.tw/mops/web/t120sg01?TYPEK=&bond_id=67681&bond_kind=5&bond_subn=%24M00000001&bond_yrn=1&come=2&encodeURIComponent=1&firstin=ture&issuer_stock_code=6768&monyr_reg=202608&pg=&step=0&tg=
2026-09-04,6835,圓裕企業股份有限公司,圓裕企業股份有限公司國內第一次無擔保轉換公司債,113/11/01,https://mopsov.twse.com.tw/mops/web/t120sg01?TYPEK=&bond_id=68351&bond_kind=5&bond_subn=%24M00000001&bond_yrn=1&come=2&encodeURIComponent=1&firstin=ture&issuer_stock_code=6835&monyr_reg=202608&pg=&step=0&tg=
2026-09-04,6874,倍力資訊股份有限公司,倍力資訊股份有限公司國內第一次無擔保轉換公司債,113/11/04,https://mopsov.twse.com.tw/mops/web/t120sg01?TYPEK=&bond_id=68741&bond_kind=5&bond_subn=%24M00000001&bond_yrn=1&come=2&encodeURIComponent=1&firstin=ture&issuer_stock_code=6874&monyr_reg=202608&pg=&step=0&tg=
2026-09-04,4549,桓達科技股份有限公司,桓達科技股份有限公司國內第一次無擔保轉換公司債,113/11/07,https://mopsov.twse.com.tw/mops/web/t120sg01?TYPEK=&bond_id=45491&bond_kind=5&bond_subn=%24M00000001&bond_yrn=1&come=2&encodeURIComponent=1&firstin=ture&issuer_stock_code=4549&monyr_reg=202608&pg=&step=0&tg=
2026-09-04,9958,世紀鋼鐵結構股份有限公司,世紀鋼鐵結構股份有限公司國內第八次無擔保轉換公司債,113/11/08,https://mopsov.twse.com.tw/mops/web/t120sg01?TYPEK=&bond_id=99588&bond_kind=5&bond_subn=%24M00000001&bond_yrn=8&come=2&encodeURIComponent=1&firstin=ture&issuer_stock_code=9958&monyr_reg=202608&pg=&step=0&tg=
2026-09-04,3388,崇越電通股份有限公司,崇越電通股份有限公司國內第一次無擔保轉換公司債,111/11/09,https://mopsov.twse.com.tw/mops/web/t120sg01?TYPEK=&bond_id=33881&bond_kind=5&bond_subn=%24M00000001&bond_yrn=1&come=2&encodeURIComponent=1&firstin=ture&issuer_stock_code=3388&monyr_reg=202608&pg=&step=0&tg=
2026-09-04,8171,天宇工業股份有限公司,天宇工業股份有限公司國內第四次有擔保轉換公司債,113/11/12,https://mopsov.twse.com.tw/mops/web/t120sg01?TYPEK=&bond_id=81714&bond_kind=5&bond_subn=%24M00000001&bond_yrn=4&come=2&encodeURIComponent=1&firstin=ture&issuer_stock_code=8171&monyr_reg=202608&pg=&step=0&tg=
2026-09-04,8171,天宇工業股份有限公司,天宇工業股份有限公司國內第五次無擔保轉換公司債,113/11/14,https://mopsov.twse.com.tw/mops/web/t120sg01?TYPEK=&bond_id=81715&bond_kind=5&bond_subn=%24M00000001&bond_yrn=5&come=2&encodeURIComponent=1&firstin=ture&issuer_stock_code=8171&monyr_reg=202608&pg=&step=0&tg=
2026-09-04,8374,羅昇企業股份有限公司,羅昇企業股份有限公司國內第二次無擔保轉換公司債,113/11/15,https://mopsov.twse.com.tw/mops/web/t120sg01?TYPEK=&bond_id=83742&bond_kind=5&bond_subn=%24M00000001&bond_yrn=2&come=2&encodeURIComponent=1&firstin=ture&issuer_stock_code=8374&monyr_reg=202608&pg=&step=0&tg=
2026-09-04,9802,鈺齊國際股份有限公司,鈺齊國際股份有限公司中華民國境內第六次無擔保轉換公司債,113/11/15,https://mopsov.twse.com.tw/mops/web/t120sg01?TYPEK=&bond_id=98026&bond_kind=5&bond_subn=%24M00000001&bond_yrn=6&come=2&encodeURIComponent=1&firstin=ture&issuer_stock_code=9802&monyr_reg=202608&pg=&step=0&tg=
2026-09-04,6664,群翊工業股份有限公司,群翊工業股份有限公司國內第二次無擔保轉換公司債,113/11/19,https://mopsov.twse.com.tw/mops/web/t120sg01?TYPEK=&bond_id=66642&bond_kind=5&bond_subn=%24M00000001&bond_yrn=2&come=2&encodeURIComponent=1&firstin=ture&issuer_stock_code=6664&monyr_reg=202608&pg=&step=0&tg=
2026-09-04,8422,可寧衛股份有限公司,可寧衛股份有限公司國內第一次無擔保轉換公司債,111/11/22,https://mopsov.twse.com.tw/mops/web/t120sg01?TYPEK=&bond_id=84221&bond_kind=5&bond_subn=%24M00000001&bond_yrn=1&come=2&encodeURIComponent=1&firstin=ture&issuer_stock_code=8422&monyr_reg=202608&pg=&step=0&tg=
2026-09-04,8050,廣積科技股份有限公司,廣積科技股份有限公司國內第六次無擔保轉換公司債,111/11/22,https://mopsov.twse.com.tw/mops/web/t120sg01?TYPEK=&bond_id=80506&bond_kind=5&bond_subn=%24M00000001&bond_yrn=6&come=2&encodeURIComponent=1&firstin=ture&issuer_stock_code=8050&monyr_reg=202608&pg=&step=0&tg=
2026-09-04,3591,艾笛森光電股份有限公司,艾笛森光電股份有限公司國內第四次無擔保轉換公司債,113/11/22,https://mopsov.twse.com.tw/mops/web/t120sg01?TYPEK=&bond_id=35914&bond_kind=5&bond_subn=%24M00000001&bond_yrn=4&come=2&encodeURIComponent=1&firstin=ture&issuer_stock_code=3591&monyr_reg=202608&pg=&step=0&tg=
2026-09-04,3346,麗清科技股份有限公司,麗清科技股份有限公司國內第六次無擔保轉換公司債,113/11/27,https://mopsov.twse.com.tw/mops/web/t120sg01?TYPEK=&bond_id=33466&bond_kind=5&bond_subn=%24M00000001&bond_yrn=6&come=2&encodeURIComponent=1&firstin=ture&issuer_stock_code=3346&monyr_reg=202608&pg=&step=0&tg=
2026-09-04,3313,斐成開發科技股份有限公司,斐成開發科技股份有限公司國內第三次有擔保轉換公司債,113/11/29,https://mopsov.twse.com.tw/mops/web/t120sg01?TYPEK=&bond_id=33133&bond_kind=5&bond_subn=%24M00000001&bond_yrn=3&come=2&encodeURIComponent=1&firstin=ture&issuer_stock_code=3313&monyr_reg=202608&pg=&step=0&tg=
2026-09-04,2442,新美齊股份有限公司,新美齊股份有限公司國內第三次無擔保轉換公司債,113/11/29,https://mopsov.twse.com.tw/mops/web/t120sg01?TYPEK=&bond_id=24423&bond_kind=5&bond_subn=%24M00000001&bond_yrn=3&come=2&encodeURIComponent=1&firstin=ture&issuer_stock_code=2442&monyr_reg=202608&pg=&step=0&tg=
2026-09-04,6645,金萬林企業股份有限公司,金萬林企業股份有限公司國內第一次有擔保轉換公司債,113/12/04,https://mopsov.twse.com.tw/mops/web/t120sg01?TYPEK=&bond_id=66451&bond_kind=5&bond_subn=%24M00000001&bond_yrn=1&come=2&encodeURIComponent=1&firstin=ture&issuer_stock_code=6645&monyr_reg=202608&pg=&step=0&tg=
2026-09-04,8489,三貝德數位文創股份有限公司,三貝德數位文創股份有限公司國內第一次有擔保轉換公司債,113/12/09,https://mopsov.twse.com.tw/mops/web/t120sg01?TYPEK=&bond_id=84891&bond_kind=5&bond_subn=%24M00000001&bond_yrn=1&come=2&encodeURIComponent=1&firstin=ture&issuer_stock_code=8489&monyr_reg=202608&pg=&step=0&tg=
2026-09-04,4979,華星光通科技股份有限公司,華星光通科技股份有限公司國內第三次無擔保轉換公司債,113/12/09,https://mopsov.twse.com.tw/mops/web/t120sg01?TYPEK=&bond_id=49793&bond_kind=5&bond_subn=%24M00000001&bond_yrn=3&come=2&encodeURIComponent=1&firstin=ture&issuer_stock_code=4979&monyr_reg=202608&pg=&step=0&tg=
2026-09-04,5608,四維航業股份有限公司,四維航業股份有限公司國內第七次有擔保轉換公司債,113/12/17,https://mopsov.twse.com.tw/mops/web/t120sg01?TYPEK=&bond_id=56087&bond_kind=5&bond_subn=%24M00000001&bond_yrn=7&come=2&encodeURIComponent=1&firstin=ture&issuer_stock_code=5608&monyr_reg=202608&pg=&step=0&tg=
2026-09-04,5245,智晶光電股份有限公司,智晶光電股份有限公司國內第二次無擔保轉換公司債,113/12/18,https://mopsov.twse.com.tw/mops/web/t120sg01?TYPEK=&bond_id=52452&bond_kind=5&bond_subn=%24M00000001&bond_yrn=2&come=2&encodeURIComponent=1&firstin=ture&issuer_stock_code=5245&monyr_reg=202608&pg=&step=0&tg=
2026-09-04,2442,新美齊股份有限公司,新美齊股份有限公司國內第四次無擔保轉換公司債,113/12/25,https://mopsov.twse.com.tw/mops/web/t120sg01?TYPEK=&bond_id=24424&bond_kind=5&bond_subn=%24M00000001&bond_yrn=4&come=2&encodeURIComponent=1&firstin=ture&issuer_stock_code=2442&monyr_reg=202608&pg=&step=0&tg=
2026-09-04,4979,華星光通科技股份有限公司,華星光通科技股份有限公司國內第四次無擔保轉換公司債,113/12/25,https://mopsov.twse.com.tw/mops/web/t120sg01?TYPEK=&bond_id=49794&bond_kind=5&bond_subn=%24M00000001&bond_yrn=4&come=2&encodeURIComponent=1&firstin=ture&issuer_stock_code=4979&monyr_reg=202608&pg=&step=0&tg=
2026-09-04,1316,上曜建設開發股份有限公司,上曜建設開發股份有限公司國內第六次有擔保轉換公司債,113/12/27,https://mopsov.twse.com.tw/mops/web/t120sg01?TYPEK=&bond_id=13166&bond_kind=5&bond_subn=%24M00000001&bond_yrn=6&come=2&encodeURIComponent=1&firstin=ture&issuer_stock_code=1316&monyr_reg=202608&pg=&step=0&tg=
2026-09-04,4569,六方科技股份有限公司,六方科技股份有限公司中華民國境內第一次無擔保轉換公司債,114/01/15,https://mopsov.twse.com.tw/mops/web/t120sg01?TYPEK=&bond_id=45691&bond_kind=5&bond_subn=%24M00000001&bond_yrn=1&come=2&encodeURIComponent=1&firstin=ture&issuer_stock_code=4569&monyr_reg=202608&pg=&step=0&tg=
2026-09-04,2755,揚秦國際企業股份有限公司,揚秦國際企業股份有限公司國內第一次無擔保轉換公司債,114/01/15,https://mopsov.twse.com.tw/mops/web/t120sg01?TYPEK=&bond_id=27551&bond_kind=5&bond_subn=%24M00000001&bond_yrn=1&come=2&encodeURIComponent=1&firstin=ture&issuer_stock_code=2755&monyr_reg=202608&pg=&step=0&tg=
2026-09-04,3390,旭軟電子科技股份有限公司,旭軟電子科技股份有限公司國內第二次有擔保轉換公司債,114/02/21,https://mopsov.twse.com.tw/mops/web/t120sg01?TYPEK=&bond_id=33902&bond_kind=5&bond_subn=%24M00000001&bond_yrn=2&come=2&encodeURIComponent=1&firstin=ture&issuer_stock_code=3390&monyr_reg=202608&pg=&step=0&tg=
2026-09-04,3095,及成企業股份有限公司,及成企業股份有限公司國內第四次有擔保轉換公司債,114/02/25,https://mopsov.twse.com.tw/mops/web/t120sg01?TYPEK=&bond_id=30954&bond_kind=5&bond_subn=%24M00000001&bond_yrn=4&come=2&encodeURIComponent=1&firstin=ture&issuer_stock_code=3095&monyr_reg=202608&pg=&step=0&tg=
2026-09-04,4510,高鋒工業股份有限公司,高鋒工業股份有限公司國內第二次無擔保轉換公司債,114/02/26,https://mopsov.twse.com.tw/mops/web/t120sg01?TYPEK=&bond_id=45102&bond_kind=5&bond_subn=%24M00000001&bond_yrn=2&come=2&encodeURIComponent=1&firstin=ture&issuer_stock_code=4510&monyr_reg=202608&pg=&step=0&tg=
2026-09-04,9906,欣巴巴事業股份有限公司,欣巴巴事業股份有限公司國內第三次無擔保轉換公司債,114/02/27,https://mopsov.twse.com.tw/mops/web/t120sg01?TYPEK=&bond_id=99063&bond_kind=5&bond_subn=%24M00000001&bond_yrn=3&come=2&encodeURIComponent=1&firstin=ture&issuer_stock_code=9906&monyr_reg=202608&pg=&step=0&tg=
2026-09-04,6854,錼創科技股份有限公司,錼創科技股份有限公司中華民國境內第一次有擔保轉換公司債,114/02/27,https://mopsov.twse.com.tw/mops/web/t120sg01?TYPEK=&bond_id=68541&bond_kind=5&bond_subn=%24M00000001&bond_yrn=1&come=2&encodeURIComponent=1&firstin=ture&issuer_stock_code=6854&monyr_reg=202608&pg=&step=0&tg=
2026-09-04,6451,訊芯科技控股股份有限公司,訊芯科技控股股份有限公司中華民國境內第二次無擔保轉換公司債,114/02/27,https://mopsov.twse.com.tw/mops/web/t120sg01?TYPEK=&bond_id=64512&bond_kind=5&bond_subn=%24M00000001&bond_yrn=2&come=2&encodeURIComponent=1&firstin=ture&issuer_stock_code=6451&monyr_reg=202608&pg=&step=0&tg=
2026-09-04,1598,岱宇國際股份有限公司,岱宇國際股份有限公司國內第四次無擔保轉換公司債,114/03/03,https://mopsov.twse.com.tw/mops/web/t120sg01?TYPEK=&bond_id=15984&bond_kind=5&bond_subn=%24M00000001&bond_yrn=4&come=2&encodeURIComponent=1&firstin=ture&issuer_stock_code=1598&monyr_reg=202608&pg=&step=0&tg=
2026-09-04,4439,冠星集團控股有限公司,冠星集團控股有限公司中華民國境內第一次無擔保轉換公司債,114/03/03,https://mopsov.twse.com.tw/mops/web/t120sg01?TYPEK=&bond_id=44391&bond_kind=5&bond_subn=%24M00000001&bond_yrn=1&come=2&encodeURIComponent=1&firstin=ture&issuer_stock_code=4439&monyr_reg=202608&pg=&step=0&tg=
2026-09-04,1436,華友聯開發股份有限公司,華友聯開發股份有限公司國內第四次無擔保轉換公司債,114/03/18,https://mopsov.twse.com.tw/mops/web/t120sg01?TYPEK=&bond_id=14364&bond_kind=5&bond_subn=%24M00000001&bond_yrn=4&come=2&encodeURIComponent=1&firstin=ture&issuer_stock_code=1436&monyr_reg=202608&pg=&step=0&tg=
2026-09-04,5450,南良國際股份有限公司,南良國際股份有限公司國內第一次有擔保轉換公司債,112/03/21,https://mopsov.twse.com.tw/mops/web/t120sg01?TYPEK=&bond_id=54501&bond_kind=5&bond_subn=%24M00000001&bond_yrn=1&come=2&encodeURIComponent=1&firstin=ture&issuer_stock_code=5450&monyr_reg=202608&pg=&step=0&tg=
2026-09-04,2337,旺宏電子股份有限公司,旺宏電子股份有限公司國內第二次無擔保轉換公司債,114/03/24,https://mopsov.twse.com.tw/mops/web/t120sg01?TYPEK=&bond_id=23372&bond_kind=5&bond_subn=%24M00000001&bond_yrn=2&come=2&encodeURIComponent=1&firstin=ture&issuer_stock_code=2337&monyr_reg=202608&pg=&step=0&tg=
2026-09-04,2727,王品餐飲股份有限公司,王品餐飲股份有限公司國內第一次無擔保轉換公司債,112/03/29,https://mopsov.twse.com.tw/mops/web/t120sg01?TYPEK=&bond_id=27271&bond_kind=5&bond_subn=%24M00000001&bond_yrn=1&come=2&encodeURIComponent=1&firstin=ture&issuer_stock_code=2727&monyr_reg=202608&pg=&step=0&tg=
2026-09-04,1474,弘裕企業股份有限公司,弘裕企業股份有限公司國內第三次無擔保轉換公司債,114/03/31,https://mopsov.twse.com.tw/mops/web/t120sg01?TYPEK=&bond_id=14743&bond_kind=5&bond_subn=%24M00000001&bond_yrn=3&come=2&encodeURIComponent=1&firstin=ture&issuer_stock_code=1474&monyr_reg=202608&pg=&step=0&tg=
2026-09-04,3484,崧騰企業股份有限公司,崧騰企業股份有限公司國內第三次無擔保轉換公司債,112/04/24,https://mopsov.twse.com.tw/mops/web/t120sg01?TYPEK=&bond_id=34843&bond_kind=5&bond_subn=%24M00000001&bond_yrn=3&come=2&encodeURIComponent=1&firstin=ture&issuer_stock_code=3484&monyr_reg=202608&pg=&step=0&tg=
2026-09-04,4123,晟德大藥廠股份有限公司,晟德大藥廠股份有限公司國內第六次有擔保轉換公司債,112/04/26,https://mopsov.twse.com.tw/mops/web/t120sg01?TYPEK=&bond_id=41236&bond_kind=5&bond_subn=%24M00000001&bond_yrn=6&come=2&encodeURIComponent=1&firstin=ture&issuer_stock_code=4123&monyr_reg=202608&pg=&step=0&tg=
2026-09-04,4123,晟德大藥廠股份有限公司,晟德大藥廠股份有限公司國內第七次無擔保轉換公司債,112/04/27,https://mopsov.twse.com.tw/mops/web/t120sg01?TYPEK=&bond_id=41237&bond_kind=5&bond_subn=%24M00000001&bond_yrn=7&come=2&encodeURIComponent=1&firstin=ture&issuer_stock_code=4123&monyr_reg=202608&pg=&step=0&tg=
2026-09-04,8087,麗升能源科技股份有限公司,麗升能源科技股份有限公司國內第二次無擔保轉換公司債,114/05/02,https://mopsov.twse.com.tw/mops/web/t120sg01?TYPEK=&bond_id=80872&bond_kind=5&bond_subn=%24M00000001&bond_yrn=2&come=2&encodeURIComponent=1&firstin=ture&issuer_stock_code=8087&monyr_reg=202608&pg=&step=0&tg=
2026-09-04,6771,平和環保科技股份有限公司,平和環保科技股份有限公司國內第一次有擔保轉換公司債,114/05/08,https://mopsov.twse.com.tw/mops/web/t120sg01?TYPEK=&bond_id=67711&bond_kind=5&bond_subn=%24M00000002&bond_yrn=1&come=2&encodeURIComponent=1&firstin=ture&issuer_stock_code=6771&monyr_reg=202608&pg=&step=0&tg=
2026-09-04,6290,良維科技股份有限公司,良維科技股份有限公司國內第十次無擔保轉換公司債,114/05/13,https://mopsov.twse.com.tw/mops/web/t120sg01?TYPEK=&bond_id=629010&bond_kind=5&bond_subn=%24M00000001&bond_yrn=10&come=2&encodeURIComponent=1&firstin=ture&issuer_stock_code=6290&monyr_reg=202608&pg=&step=0&tg=
2026-09-04,2201,裕隆汽車製造股份有限公司,裕隆汽車製造股份有限公司國內第三次無擔保轉換公司債,112/05/25,https://mopsov.twse.com.tw/mops/web/t120sg01?TYPEK=&bond_id=22013&bond_kind=5&bond_subn=%24M00000001&bond_yrn=3&come=2&encodeURIComponent=1&firstin=ture&issuer_stock_code=2201&monyr_reg=202608&pg=&step=0&tg=
2026-09-04,6117,迎廣科技股份有限公司,迎廣科技股份有限公司國內第二次無擔保轉換公司債,114/05/28,https://mopsov.twse.com.tw/mops/web/t120sg01?TYPEK=&bond_id=61172&bond_kind=5&bond_subn=%24M00000001&bond_yrn=2&come=2&encodeURIComponent=1&firstin=ture&issuer_stock_code=6117&monyr_reg=202608&pg=&step=0&tg=
2026-09-04,1472,三洋實業股份有限公司,三洋實業股份有限公司國內第二次有擔保轉換公司債,114/05/29,https://mopsov.twse.com.tw/mops/web/t120sg01?TYPEK=&bond_id=14722&bond_kind=5&bond_subn=%24M00000001&bond_yrn=2&come=2&encodeURIComponent=1&firstin=ture&issuer_stock_code=1472&monyr_reg=202608&pg=&step=0&tg=
2026-09-04,4555,台灣氣立股份有限公司,台灣氣立股份有限公司國內第四次有擔保轉換公司債,114/06/09,https://mopsov.twse.com.tw/mops/web/t120sg01?TYPEK=&bond_id=45554&bond_kind=5&bond_subn=%24M00000001&bond_yrn=4&come=2&encodeURIComponent=1&firstin=ture&issuer_stock_code=4555&monyr_reg=202608&pg=&step=0&tg=
2026-09-04,6282,康舒科技股份有限公司,康舒科技股份有限公司國內第二次無擔保轉換公司債,112/06/13,https://mopsov.twse.com.tw/mops/web/t120sg01?TYPEK=&bond_id=62822&bond_kind=5&bond_subn=%24M00000001&bond_yrn=2&come=2&encodeURIComponent=1&firstin=ture&issuer_stock_code=6282&monyr_reg=202608&pg=&step=0&tg=
2026-09-04,3617,碩天科技股份有限公司,碩天科技股份有限公司國內第三次無擔保轉換公司債,114/06/16,https://mopsov.twse.com.tw/mops/web/t120sg01?TYPEK=&bond_id=36173&bond_kind=5&bond_subn=%24M00000001&bond_yrn=3&come=2&encodeURIComponent=1&firstin=ture&issuer_stock_code=3617&monyr_reg=202608&pg=&step=0&tg=
2026-09-04,1472,三洋實業股份有限公司,三洋實業股份有限公司國內第三次無擔保轉換公司債,114/06/17,https://mopsov.twse.com.tw/mops/web/t120sg01?TYPEK=&bond_id=14723&bond_kind=5&bond_subn=%24M00000001&bond_yrn=3&come=2&encodeURIComponent=1&firstin=ture&issuer_stock_code=1472&monyr_reg=202608&pg=&step=0&tg=
2026-09-04,2351,順德工業股份有限公司,順德工業股份有限公司國內第一次無擔保轉換公司債,114/06/17,https://mopsov.twse.com.tw/mops/web/t120sg01?TYPEK=&bond_id=23511&bond_kind=5&bond_subn=%24M00000001&bond_yrn=1&come=2&encodeURIComponent=1&firstin=ture&issuer_stock_code=2351&monyr_reg=202608&pg=&step=0&tg=
2026-09-04,1466,聚隆纖維股份有限公司,聚隆纖維股份有限公司國內第四次有擔保轉換公司債,114/06/20,https://mopsov.twse.com.tw/mops/web/t120sg01?TYPEK=&bond_id=14664&bond_kind=5&bond_subn=%24M00000001&bond_yrn=4&come=2&encodeURIComponent=1&firstin=ture&issuer_stock_code=1466&monyr_reg=202608&pg=&step=0&tg=
2026-09-04,3188,鑫龍騰開發股份有限公司,鑫龍騰開發股份有限公司國內第二次無擔保轉換公司債,114/06/20,https://mopsov.twse.com.tw/mops/web/t120sg01?TYPEK=&bond_id=31882&bond_kind=5&bond_subn=%24M00000001&bond_yrn=2&come=2&encodeURIComponent=1&firstin=ture&issuer_stock_code=3188&monyr_reg=202608&pg=&step=0&tg=
2026-09-04,2530,大華建設股份有限公司,大華建設股份有限公司國內第三次無擔保轉換公司債,114/06/23,https://mopsov.twse.com.tw/mops/web/t120sg01?TYPEK=&bond_id=25303&bond_kind=5&bond_subn=%24M00000001&bond_yrn=3&come=2&encodeURIComponent=1&firstin=ture&issuer_stock_code=2530&monyr_reg=202608&pg=&step=0&tg=
2026-09-04,6156,松上電子股份有限公司,松上電子股份有限公司國內第五次無擔保轉換公司債,114/06/25,https://mopsov.twse.com.tw/mops/web/t120sg01?TYPEK=&bond_id=61565&bond_kind=5&bond_subn=%24M00000001&bond_yrn=5&come=2&encodeURIComponent=1&firstin=ture&issuer_stock_code=6156&monyr_reg=202608&pg=&step=0&tg=
2026-09-04,6177,達麗建設事業股份有限公司,達麗建設事業股份有限公司國內第七次無擔保轉換公司債,114/06/25,https://mopsov.twse.com.tw/mops/web/t120sg01?TYPEK=&bond_id=61777&bond_kind=5&bond_subn=%24M00000001&bond_yrn=7&come=2&encodeURIComponent=1&firstin=ture&issuer_stock_code=6177&monyr_reg=202608&pg=&step=0&tg=
2026-09-04,2247,汎德永業汽車股份有限公司,汎德永業汽車股份有限公司國內第一次無擔保轉換公司債,114/06/26,https://mopsov.twse.com.tw/mops/web/t120sg01?TYPEK=&bond_id=22471&bond_kind=5&bond_subn=%24M00000001&bond_yrn=1&come=2&encodeURIComponent=1&firstin=ture&issuer_stock_code=2247&monyr_reg=202608&pg=&step=0&tg=
2026-09-04,2247,汎德永業汽車股份有限公司,汎德永業汽車股份有限公司國內第二次無擔保轉換公司債,114/06/30,https://mopsov.twse.com.tw/mops/web/t120sg01?TYPEK=&bond_id=22472&bond_kind=5&bond_subn=%24M00000001&bond_yrn=2&come=2&encodeURIComponent=1&firstin=ture&issuer_stock_code=2247&monyr_reg=202608&pg=&step=0&tg=
2026-09-04,3040,遠見科技股份有限公司,遠見科技股份有限公司國內第一次無擔保轉換公司債,114/06/30,https://mopsov.twse.com.tw/mops/web/t120sg01?TYPEK=&bond_id=30401&bond_kind=5&bond_subn=%24M00000001&bond_yrn=1&come=2&encodeURIComponent=1&firstin=ture&issuer_stock_code=3040&monyr_reg=202608&pg=&step=0&tg=
2026-09-04,2530,大華建設股份有限公司,大華建設股份有限公司第四次無擔保轉換公司債,114/06/30,https://mopsov.twse.com.tw/mops/web/t120sg01?TYPEK=&bond_id=25304&bond_kind=5&bond_subn=%24M00000001&bond_yrn=4&come=2&encodeURIComponent=1&firstin=ture&issuer_stock_code=2530&monyr_reg=202608&pg=&step=0&tg=
2026-09-04,6982,大井泵浦工業股份有限公司,大井泵浦工業股份有限公司國內第一次無擔保轉換公司債,114/07/23,https://mopsov.twse.com.tw/mops/web/t120sg01?TYPEK=&bond_id=69821&bond_kind=5&bond_subn=%24M00000001&bond_yrn=1&come=2&encodeURIComponent=1&firstin=ture&issuer_stock_code=6982&monyr_reg=202608&pg=&step=0&tg=
2026-09-04,6469,大樹醫藥股份有限公司,大樹醫藥股份有限公司國內第三次無擔保轉換公司債,114/07/28,https://mopsov.twse.com.tw/mops/web/t120sg01?TYPEK=&bond_id=64693&bond_kind=5&bond_subn=%24M00000001&bond_yrn=3&come=2&encodeURIComponent=1&firstin=ture&issuer_stock_code=6469&monyr_reg=202608&pg=&step=0&tg=
2026-09-04,4442,開曼群島商竣邦國際股份有限公司,開曼群島商竣邦國際股份有限公司中華民國境內第一次無擔保轉換公司債,114/07/28,https://mopsov.twse.com.tw/mops/web/t120sg01?TYPEK=&bond_id=44421&bond_kind=5&bond_subn=%24M00000001&bond_yrn=1&come=2&encodeURIComponent=1&firstin=ture&issuer_stock_code=4442&monyr_reg=202608&pg=&step=0&tg=
2026-09-04,1786,科妍生物科技股份有限公司,科妍生物科技股份有限公司國內第三次無擔保轉換公司債,114/08/01,https://mopsov.twse.com.tw/mops/web/t120sg01?TYPEK=&bond_id=17863&bond_kind=5&bond_subn=%24M00000001&bond_yrn=3&come=2&encodeURIComponent=1&firstin=ture&issuer_stock_code=1786&monyr_reg=202608&pg=&step=0&tg=
2026-09-04,6843,進典工業股份有限公司,進典工業股份有限公司國內第一次無擔保轉換公司債,114/08/04,https://mopsov.twse.com.tw/mops/web/t120sg01?TYPEK=&bond_id=68431&bond_kind=5&bond_subn=%24M00000001&bond_yrn=1&come=2&encodeURIComponent=1&firstin=ture&issuer_stock_code=6843&monyr_reg=202608&pg=&step=0&tg=
2026-09-04,6982,大井泵浦工業股份有限公司,大井泵浦工業股份有限公司國內第二次無擔保轉換公司債,114/08/04,https://mopsov.twse.com.tw/mops/web/t120sg01?TYPEK=&bond_id=69822&bond_kind=5&bond_subn=%24M00000001&bond_yrn=2&come=2&encodeURIComponent=1&firstin=ture&issuer_stock_code=6982&monyr_reg=202608&pg=&step=0&tg=
2026-09-04,3167,大量科技股份有限公司,大量科技股份有限公司國內第二次無擔保轉換公司債,114/08/06,https://mopsov.twse.com.tw/mops/web/t120sg01?TYPEK=&bond_id=31672&bond_kind=5&bond_subn=%24M00000001&bond_yrn=2&come=2&encodeURIComponent=1&firstin=ture&issuer_stock_code=3167&monyr_reg=202609&pg=&step=0&tg=
2026-09-04,7556,意德士科技股份有限公司,意德士科技股份有限公司國內第一次無擔保轉換公司債,114/08/12,https://mopsov.twse.com.tw/mops/web/t120sg01?TYPEK=&bond_id=75561&bond_kind=5&bond_subn=%24M00000001&bond_yrn=1&come=2&encodeURIComponent=1&firstin=ture&issuer_stock_code=7556&monyr_reg=202608&pg=&step=0&tg=
2026-09-04,6821,聯寶電子股份有限公司,聯寶電子股份有限公司國內第一次無擔保轉換公司債,114/08/15,https://mopsov.twse.com.tw/mops/web/t120sg01?TYPEK=&bond_id=68211&bond_kind=5&bond_subn=%24M00000001&bond_yrn=1&come=2&encodeURIComponent=1&firstin=ture&issuer_stock_code=6821&monyr_reg=202608&pg=&step=0&tg=
2026-09-04,7556,意德士科技股份有限公司,意德士科技股份有限公司國內第二次無擔保轉換公司債,114/08/15,https://mopsov.twse.com.tw/mops/web/t120sg01?TYPEK=&bond_id=75562&bond_kind=5&bond_subn=%24M00000001&bond_yrn=2&come=2&encodeURIComponent=1&firstin=ture&issuer_stock_code=7556&monyr_reg=202608&pg=&step=0&tg=
2026-09-04,4581,World Known MFG(Cayman)Limited,英屬開曼群島光隆精密股份有限公司中華民國境內第一次無擔保轉換公司債,114/08/15,https://mopsov.twse.com.tw/mops/web/t120sg01?TYPEK=&bond_id=45811&bond_kind=5&bond_subn=%24M00000001&bond_yrn=1&come=2&encodeURIComponent=1&firstin=ture&issuer_stock_code=4581&monyr_reg=202608&pg=&step=0&tg=
2026-09-04,6207,雷科股份有限公司,雷科股份有限公司國內第五次無擔保轉換公司債,114/08/26,https://mopsov.twse.com.tw/mops/web/t120sg01?TYPEK=&bond_id=62075&bond_kind=5&bond_subn=%24M00000001&bond_yrn=5&come=2&encodeURIComponent=1&firstin=ture&issuer_stock_code=6207&monyr_reg=202608&pg=&step=0&tg=
2026-09-04,6591,動力科技股份有限公司,動力科技股份有限公司中華民國境內第四次無擔保轉換公司債,114/08/27,https://mopsov.twse.com.tw/mops/web/t120sg01?TYPEK=&bond_id=65914&bond_kind=5&bond_subn=%24M00000001&bond_yrn=4&come=2&encodeURIComponent=1&firstin=ture&issuer_stock_code=6591&monyr_reg=202608&pg=&step=0&tg=
2026-09-04,2743,山富國際旅行社股份有限公司,山富國際旅行社股份有限公司國內第一次無擔保轉換公司債,114/08/28,https://mopsov.twse.com.tw/mops/web/t120sg01?TYPEK=&bond_id=27431&bond_kind=5&bond_subn=%24M00000001&bond_yrn=1&come=2&encodeURIComponent=1&firstin=ture&issuer_stock_code=2743&monyr_reg=202608&pg=&step=0&tg=
2026-09-04,4558,寶緯工業股份有限公司,寶緯工業股份有限公司國內第一次有擔保轉換公司債,114/08/28,https://mopsov.twse.com.tw/mops/web/t120sg01?TYPEK=&bond_id=45581&bond_kind=5&bond_subn=%24M00000001&bond_yrn=1&come=2&encodeURIComponent=1&firstin=ture&issuer_stock_code=4558&monyr_reg=202608&pg=&step=0&tg=
2026-09-04,7402,邑錡股份有限公司,邑錡股份有限公司國內第二次無擔保轉換公司債,114/09/02,https://mopsov.twse.com.tw/mops/web/t120sg01?TYPEK=&bond_id=74022&bond_kind=5&bond_subn=%24M00000001&bond_yrn=2&come=2&encodeURIComponent=1&firstin=ture&issuer_stock_code=7402&monyr_reg=202608&pg=&step=0&tg=
2026-09-04,6207,雷科股份有限公司,雷科股份有限公司國內第六次無擔保轉換公司債,114/09/05,https://mopsov.twse.com.tw/mops/web/t120sg01?TYPEK=&bond_id=62076&bond_kind=5&bond_subn=%24M00000001&bond_yrn=6&come=2&encodeURIComponent=1&firstin=ture&issuer_stock_code=6207&monyr_reg=202608&pg=&step=0&tg=
2026-09-04,6533,晶心科技股份有限公司,晶心科技股份有限公司國內第一次無擔保轉換公司債,114/09/08,https://mopsov.twse.com.tw/mops/web/t120sg01?TYPEK=&bond_id=65331&bond_kind=5&bond_subn=%24M00000001&bond_yrn=1&come=2&encodeURIComponent=1&firstin=ture&issuer_stock_code=6533&monyr_reg=202608&pg=&step=0&tg=
2026-09-04,3284,太普高精密影像股份有限公司,太普高精密影像股份有限公司國內第三次無擔保轉換公司債,114/09/15,https://mopsov.twse.com.tw/mops/web/t120sg01?TYPEK=&bond_id=32843&bond_kind=5&bond_subn=%24M00000001&bond_yrn=3&come=2&encodeURIComponent=1&firstin=ture&issuer_stock_code=3284&monyr_reg=202608&pg=&step=0&tg=
2026-09-04,4168,台灣醣聯生技醫藥股份有限公司,台灣醣聯生技醫藥股份有限公司國內第四次有擔保轉換公司債,114/09/18,https://mopsov.twse.com.tw/mops/web/t120sg01?TYPEK=&bond_id=41684&bond_kind=5&bond_subn=%24M00000001&bond_yrn=4&come=2&encodeURIComponent=1&firstin=ture&issuer_stock_code=4168&monyr_reg=202608&pg=&step=0&tg=
2026-09-04,6616,特昇國際股份有限公司,特昇國際股份有限公司中華民國境內第三次無擔保轉換公司債,112/09/20,https://mopsov.twse.com.tw/mops/web/t120sg01?TYPEK=&bond_id=66163&bond_kind=5&bond_subn=%24M00000001&bond_yrn=3&come=2&encodeURIComponent=1&firstin=ture&issuer_stock_code=6616&monyr_reg=202608&pg=&step=0&tg=
2026-09-04,4438,廣越企業股份有限公司,廣越企業股份有限公司國內第三次無擔保轉換公司債,114/09/30,https://mopsov.twse.com.tw/mops/web/t120sg01?TYPEK=&bond_id=44383&bond_kind=5&bond_subn=%24M00000001&bond_yrn=3&come=2&encodeURIComponent=1&firstin=ture&issuer_stock_code=4438&monyr_reg=202608&pg=&step=0&tg=
2026-09-04,4722,國精化學股份有限公司,國精化學股份有限公司國內第三次無擔保轉換公司債,114/10/01,https://mopsov.twse.com.tw/mops/web/t120sg01?TYPEK=&bond_id=47223&bond_kind=5&bond_subn=%24M00000001&bond_yrn=3&come=2&encodeURIComponent=1&firstin=ture&issuer_stock_code=4722&monyr_reg=202608&pg=&step=0&tg=
2026-09-04,3687,茂為歐買尬數位科技股份有限公司,茂為歐買尬數位科技股份有限公司國內第二次無擔保轉換公司債,114/10/02,https://mopsov.twse.com.tw/mops/web/t120sg01?TYPEK=&bond_id=36872&bond_kind=5&bond_subn=%24M00000001&bond_yrn=2&come=2&encodeURIComponent=1&firstin=ture&issuer_stock_code=3687&monyr_reg=202608&pg=&step=0&tg=
2026-09-04,6957,裕慶金屬股份有限公司,裕慶金屬股份有限公司中華民國境內第一次無擔保轉換公司債,114/10/02,https://mopsov.twse.com.tw/mops/web/t120sg01?TYPEK=&bond_id=69571&bond_kind=5&bond_subn=%24M00000001&bond_yrn=1&come=2&encodeURIComponent=1&firstin=ture&issuer_stock_code=6957&monyr_reg=202608&pg=&step=0&tg=
2026-09-04,3687,茂為歐買尬數位科技股份有限公司,茂為歐買尬數位科技股份有限公司國內第三次無擔保轉換公司債,114/10/03,https://mopsov.twse.com.tw/mops/web/t120sg01?TYPEK=&bond_id=36873&bond_kind=5&bond_subn=%24M00000001&bond_yrn=3&come=2&encodeURIComponent=1&firstin=ture&issuer_stock_code=3687&monyr_reg=202608&pg=&step=0&tg=
2026-09-04,8404,百和興業股份有限公司(開曼),百和興業股份有限公司中華民國境內第一次有擔保轉換公司債,114/10/03,https://mopsov.twse.com.tw/mops/web/t120sg01?TYPEK=&bond_id=84041&bond_kind=5&bond_subn=%24M00000001&bond_yrn=1&come=2&encodeURIComponent=1&firstin=ture&issuer_stock_code=8404&monyr_reg=202608&pg=&step=0&tg=
2026-09-04,1256,鮮活控股股份有限公司,鮮活控股股份有限公司中華民國境內第一次無擔保轉換公司債,114/10/08,https://mopsov.twse.com.tw/mops/web/t120sg01?TYPEK=&bond_id=12561&bond_kind=5&bond_subn=%24M00000001&bond_yrn=1&come=2&encodeURIComponent=1&firstin=ture&issuer_stock_code=1256&monyr_reg=202608&pg=&step=0&tg=
2026-09-04,2753,八方雲集國際股份有限公司,八方雲集國際股份有限公司國內第一次無擔保轉換公司債,114/10/09,https://mopsov.twse.com.tw/mops/web/t120sg01?TYPEK=&bond_id=27531&bond_kind=5&bond_subn=%24M00000001&bond_yrn=1&come=2&encodeURIComponent=1&firstin=ture&issuer_stock_code=2753&monyr_reg=202608&pg=&step=0&tg=
2026-09-04,6477,安集科技股份有限公司,安集科技股份有限公司國內第五次無擔保轉換公司債,114/10/09,https://mopsov.twse.com.tw/mops/web/t120sg01?TYPEK=&bond_id=64775&bond_kind=5&bond_subn=%24M00000001&bond_yrn=5&come=2&encodeURIComponent=1&firstin=ture&issuer_stock_code=6477&monyr_reg=202608&pg=&step=0&tg=
2026-09-04,2104,國際中橡投資控股股份有限公司,國際中橡投資控股股份有限公司國內第三次無擔保轉換公司債,112/10/13,https://mopsov.twse.com.tw/mops/web/t120sg01?TYPEK=&bond_id=21043&bond_kind=5&bond_subn=%24M00000001&bond_yrn=3&come=2&encodeURIComponent=1&firstin=ture&issuer_stock_code=2104&monyr_reg=202608&pg=&step=0&tg=
2026-09-04,5201,凱衛資訊股份有限公司,凱衛資訊股份有限公司國內第一次有擔保轉換公司債,114/10/15,https://mopsov.twse.com.tw/mops/web/t120sg01?TYPEK=&bond_id=52011&bond_kind=5&bond_subn=%24M00000001&bond_yrn=1&come=2&encodeURIComponent=1&firstin=ture&issuer_stock_code=5201&monyr_reg=202608&pg=&step=0&tg=
2026-09-04,6219,富旺國際開發股份有限公司,富旺國際開發股份有限公司國內第四次有擔保轉換公司債,114/10/16,https://mopsov.twse.com.tw/mops/web/t120sg01?TYPEK=&bond_id=62194&bond_kind=5&bond_subn=%24M00000001&bond_yrn=4&come=2&encodeURIComponent=1&firstin=ture&issuer_stock_code=6219&monyr_reg=202608&pg=&step=0&tg=
2026-09-04,6163,華電聯網股份有限公司,華電聯網股份有限公司國內第五次無擔保轉換公司債,114/10/16,https://mopsov.twse.com.tw/mops/web/t120sg01?TYPEK=&bond_id=61635&bond_kind=5&bond_subn=%24M00000003&bond_yrn=5&come=2&encodeURIComponent=1&firstin=ture&issuer_stock_code=6163&monyr_reg=202608&pg=&step=0&tg=
2026-09-04,7713,威力德生醫股份有限公司,威力德生醫股份有限公司國內第一次無擔保轉換公司債,114/10/20,https://mopsov.twse.com.tw/mops/web/t120sg01?TYPEK=&bond_id=77131&bond_kind=5&bond_subn=%24M00000001&bond_yrn=1&come=2&encodeURIComponent=1&firstin=ture&issuer_stock_code=7713&monyr_reg=202608&pg=&step=0&tg=
2026-09-04,2753,八方雲集國際股份有限公司,八方雲集國際股份有限公司國內第二次無擔保轉換公司債,114/10/20,https://mopsov.twse.com.tw/mops/web/t120sg01?TYPEK=&bond_id=27532&bond_kind=5&bond_subn=%24M00000001&bond_yrn=2&come=2&encodeURIComponent=1&firstin=ture&issuer_stock_code=2753&monyr_reg=202608&pg=&step=0&tg=
2026-09-04,6209,今國光學工業股份有限公司,今國光學工業股份有限公司國內第三次有擔保轉換公司債,114/10/23,https://mopsov.twse.com.tw/mops/web/t120sg01?TYPEK=&bond_id=62093&bond_kind=5&bond_subn=%24M00000001&bond_yrn=3&come=2&encodeURIComponent=1&firstin=ture&issuer_stock_code=6209&monyr_reg=202608&pg=&step=0&tg=
2026-09-04,3551,世禾科技股份有限公司,世禾科技股份有限公司國內第三次無擔保轉換公司債,114/10/28,https://mopsov.twse.com.tw/mops/web/t120sg01?TYPEK=&bond_id=35513&bond_kind=5&bond_subn=%24M00000001&bond_yrn=3&come=2&encodeURIComponent=1&firstin=ture&issuer_stock_code=3551&monyr_reg=202608&pg=&step=0&tg=
2026-09-04,3684,榮昌科技股份有限公司,榮昌科技股份有限公司國內第一次無擔保轉換公司債,114/10/28,https://mopsov.twse.com.tw/mops/web/t120sg01?TYPEK=&bond_id=36841&bond_kind=5&bond_subn=%24M00000001&bond_yrn=1&come=2&encodeURIComponent=1&firstin=ture&issuer_stock_code=3684&monyr_reg=202608&pg=&step=0&tg=
2026-09-04,6190,萬泰科技股份有限公司,萬泰科技股份有限公司國內第七次無擔保轉換公司債,114/11/06,https://mopsov.twse.com.tw/mops/web/t120sg01?TYPEK=&bond_id=61907&bond_kind=5&bond_subn=%24M00000001&bond_yrn=7&come=2&encodeURIComponent=1&firstin=ture&issuer_stock_code=6190&monyr_reg=202608&pg=&step=0&tg=
2026-09-04,6189,豐藝電子股份有限公司,豐藝電子股份有限公司國內第四次無擔保轉換公司債,112/11/10,https://mopsov.twse.com.tw/mops/web/t120sg01?TYPEK=&bond_id=61894&bond_kind=5&bond_subn=%24M00000001&bond_yrn=4&come=2&encodeURIComponent=1&firstin=ture&issuer_stock_code=6189&monyr_reg=202608&pg=&step=0&tg=
2026-09-04,3032,偉訓科技股份有限公司,偉訓科技股份有限公司國內第一次無擔保轉換公司債,114/11/13,https://mopsov.twse.com.tw/mops/web/t120sg01?TYPEK=&bond_id=30321&bond_kind=5&bond_subn=%24M00000001&bond_yrn=1&come=2&encodeURIComponent=1&firstin=ture&issuer_stock_code=3032&monyr_reg=202608&pg=&step=0&tg=
2026-09-04,2402,毅嘉科技股份有限公司,毅嘉科技股份有限公司國內第三次無擔保轉換公司債,114/11/19,https://mopsov.twse.com.tw/mops/web/t120sg01?TYPEK=&bond_id=24023&bond_kind=5&bond_subn=%24M00000001&bond_yrn=3&come=2&encodeURIComponent=1&firstin=ture&issuer_stock_code=2402&monyr_reg=202608&pg=&step=0&tg=
2026-09-04,9941,裕融企業股份有限公司,裕融企業股份有限公司國內第二次無擔保轉換公司債,112/11/20,https://mopsov.twse.com.tw/mops/web/t120sg01?TYPEK=&bond_id=99412&bond_kind=5&bond_subn=%24M00000001&bond_yrn=2&come=2&encodeURIComponent=1&firstin=ture&issuer_stock_code=9941&monyr_reg=202608&pg=&step=0&tg=
2026-09-04,4772,台灣特品化學股份有限公司,台灣特品化學股份有限公司國內第一次無擔保轉換公司債,114/11/27,https://mopsov.twse.com.tw/mops/web/t120sg01?TYPEK=&bond_id=47721&bond_kind=5&bond_subn=%24M00000001&bond_yrn=1&come=2&encodeURIComponent=1&firstin=ture&issuer_stock_code=4772&monyr_reg=202608&pg=&step=0&tg=
2026-09-04,6890,來億興業股份有限公司,來億興業股份有限公司中華民國境內第一次無擔保轉換公司債,114/11/28,https://mopsov.twse.com.tw/mops/web/t120sg01?TYPEK=&bond_id=68901&bond_kind=5&bond_subn=%24M00000001&bond_yrn=1&come=2&encodeURIComponent=1&firstin=ture&issuer_stock_code=6890&monyr_reg=202608&pg=&step=0&tg=
2026-09-04,1338,廣華控股有限公司,廣華控股有限公司中華民國境內第二次無擔保轉換公司債,112/12/01,https://mopsov.twse.com.tw/mops/web/t120sg01?TYPEK=&bond_id=13382&bond_kind=5&bond_subn=%24M00000001&bond_yrn=2&come=2&encodeURIComponent=1&firstin=ture&issuer_stock_code=1338&monyr_reg=202608&pg=&step=0&tg=
2026-09-04,5388,中磊電子股份有限公司,中磊電子股份有限公司國內第七次無擔保轉換公司債,112/12/06,https://mopsov.twse.com.tw/mops/web/t120sg01?TYPEK=&bond_id=53887&bond_kind=5&bond_subn=%24M00000001&bond_yrn=7&come=2&encodeURIComponent=1&firstin=ture&issuer_stock_code=5388&monyr_reg=202608&pg=&step=0&tg=
2026-09-04,2732,六角國際事業股份有限公司,六角國際事業股份有限公司國內第四次無擔保轉換公司債,114/12/08,https://mopsov.twse.com.tw/mops/web/t120sg01?TYPEK=&bond_id=27324&bond_kind=5&bond_subn=%24M00000001&bond_yrn=4&come=2&encodeURIComponent=1&firstin=ture&issuer_stock_code=2732&monyr_reg=202608&pg=&step=0&tg=
2026-09-04,6890,來億興業股份有限公司,來億興業股份有限公司中華民國境內第二次無擔保轉換公司債,114/12/10,https://mopsov.twse.com.tw/mops/web/t120sg01?TYPEK=&bond_id=68902&bond_kind=5&bond_subn=%24M00000001&bond_yrn=2&come=2&encodeURIComponent=1&firstin=ture&issuer_stock_code=6890&monyr_reg=202608&pg=&step=0&tg=
2026-09-04,2427,三商電腦股份有限公司,三商電腦股份有限公司國內第一次無擔保轉換公司債,112/12/13,https://mopsov.twse.com.tw/mops/web/t120sg01?TYPEK=&bond_id=24271&bond_kind=5&bond_subn=%24M00000001&bond_yrn=1&come=2&encodeURIComponent=1&firstin=ture&issuer_stock_code=2427&monyr_reg=202608&pg=&step=0&tg=
2026-09-04,5309,系統電子工業股份有限公司,系統電子工業股份有限公司國內第七次無擔保轉換公司債,114/12/15,https://mopsov.twse.com.tw/mops/web/t120sg01?TYPEK=&bond_id=53097&bond_kind=5&bond_subn=%24M00000001&bond_yrn=7&come=2&encodeURIComponent=1&firstin=ture&issuer_stock_code=5309&monyr_reg=202608&pg=&step=0&tg=
2026-09-04,8042,臺灣金山電子工業股份有限公司,臺灣金山電子工業股份有限公司國內第六次無擔保轉換公司債,114/12/16,https://mopsov.twse.com.tw/mops/web/t120sg01?TYPEK=&bond_id=80426&bond_kind=5&bond_subn=%24M00000001&bond_yrn=6&come=2&encodeURIComponent=1&firstin=ture&issuer_stock_code=8042&monyr_reg=202608&pg=&step=0&tg=
2026-09-04,6796,晉弘科技股份有限公司,晉弘科技股份有限公司國內第二次無擔保轉換公司債,114/12/22,https://mopsov.twse.com.tw/mops/web/t120sg01?TYPEK=&bond_id=67962&bond_kind=5&bond_subn=%24M00000001&bond_yrn=2&come=2&encodeURIComponent=1&firstin=ture&issuer_stock_code=6796&monyr_reg=202608&pg=&step=0&tg=
2026-09-04,6670,復盛應用科技股份有限公司,復盛應用科技股份有限公司國內第二次無擔保轉換公司債,114/12/26,https://mopsov.twse.com.tw/mops/web/t120sg01?TYPEK=&bond_id=66702&bond_kind=5&bond_subn=%24M00000001&bond_yrn=2&come=2&encodeURIComponent=1&firstin=ture&issuer_stock_code=6670&monyr_reg=202608&pg=&step=0&tg=
2026-09-04,3543,州巧科技股份有限公司,州巧科技股份有限公司國內第一次有擔保轉換公司債,114/12/26,https://mopsov.twse.com.tw/mops/web/t120sg01?TYPEK=&bond_id=35431&bond_kind=5&bond_subn=%24M00000001&bond_yrn=1&come=2&encodeURIComponent=1&firstin=ture&issuer_stock_code=3543&monyr_reg=202608&pg=&step=0&tg=
2026-09-04,6904,伯鑫工具股份有限公司,伯鑫工具股份有限公司國內第一次無擔保轉換公司債,114/12/26,https://mopsov.twse.com.tw/mops/web/t120sg01?TYPEK=&bond_id=69041&bond_kind=5&bond_subn=%24M00000001&bond_yrn=1&come=2&encodeURIComponent=1&firstin=ture&issuer_stock_code=6904&monyr_reg=202608&pg=&step=0&tg=
2026-09-04,6015,宏遠證券股份有限公司,宏遠證券股份有限公司國內第二次無擔保轉換公司債,113/01/05,https://mopsov.twse.com.tw/mops/web/t120sg01?TYPEK=&bond_id=60152&bond_kind=5&bond_subn=%24M00000001&bond_yrn=2&come=2&encodeURIComponent=1&firstin=ture&issuer_stock_code=6015&monyr_reg=202608&pg=&step=0&tg=
2026-09-04,8431,匯鑽科技股份有限公司,匯鑽科技股份有限公司國內第二次無擔保轉換公司債,115/01/05,https://mopsov.twse.com.tw/mops/web/t120sg01?TYPEK=&bond_id=84312&bond_kind=5&bond_subn=%24M00000001&bond_yrn=2&come=2&encodeURIComponent=1&firstin=ture&issuer_stock_code=8431&monyr_reg=202608&pg=&step=0&tg=
2026-09-04,2745,五福旅行社股份有限公司,五福旅行社股份有限公司國內第一次無擔保轉換公司債,115/01/05,https://mopsov.twse.com.tw/mops/web/t120sg01?TYPEK=&bond_id=27451&bond_kind=5&bond_subn=%24M00000001&bond_yrn=1&come=2&encodeURIComponent=1&firstin=ture&issuer_stock_code=2745&monyr_reg=202608&pg=&step=0&tg=
2026-09-04,6510,中華精測科技股份有限公司,中華精測科技股份有限公司國內第一次無擔保轉換公司債,115/01/05,https://mopsov.twse.com.tw/mops/web/t120sg01?TYPEK=&bond_id=65101&bond_kind=5&bond_subn=%24M00000001&bond_yrn=1&come=2&encodeURIComponent=1&firstin=ture&issuer_stock_code=6510&monyr_reg=202608&pg=&step=0&tg=
2026-09-04,2467,志聖工業股份有限公司,志聖工業股份有限公司國內第二次無擔保轉換公司債,115/01/09,https://mopsov.twse.com.tw/mops/web/t120sg01?TYPEK=&bond_id=24672&bond_kind=5&bond_subn=%24M00000001&bond_yrn=2&come=2&encodeURIComponent=1&firstin=ture&issuer_stock_code=2467&monyr_reg=202608&pg=&step=0&tg=
2026-09-04,6199,天品聯合企業股份有限公司,天品聯合企業股份有限公司國內第三次有擔保轉換公司債,115/01/20,https://mopsov.twse.com.tw/mops/web/t120sg01?TYPEK=&bond_id=61993&bond_kind=5&bond_subn=%24M00000001&bond_yrn=3&come=2&encodeURIComponent=1&firstin=ture&issuer_stock_code=6199&monyr_reg=202608&pg=&step=0&tg=
2026-09-04,3715,定穎投資控股股份有限公司,定穎投資控股股份有限公司國內第一次無擔保轉換公司債,115/01/21,https://mopsov.twse.com.tw/mops/web/t120sg01?TYPEK=&bond_id=37151&bond_kind=5&bond_subn=%24M00000001&bond_yrn=1&come=2&encodeURIComponent=1&firstin=ture&issuer_stock_code=3715&monyr_reg=202608&pg=&step=0&tg=
2026-09-04,6199,天品聯合企業股份有限公司,天品聯合企業股份有限公司國內第四次無擔保轉換公司債,115/01/21,https://mopsov.twse.com.tw/mops/web/t120sg01?TYPEK=&bond_id=61994&bond_kind=5&bond_subn=%24M00000001&bond_yrn=4&come=2&encodeURIComponent=1&firstin=ture&issuer_stock_code=6199&monyr_reg=202608&pg=&step=0&tg=
2026-09-04,3717,聯嘉光電投資控股股份有限公司,聯嘉光電投資控股股份有限公司國內第一次有擔保轉換公司債,115/01/21,https://mopsov.twse.com.tw/mops/web/t120sg01?TYPEK=&bond_id=37171&bond_kind=5&bond_subn=%24M00000001&bond_yrn=1&come=2&encodeURIComponent=1&firstin=ture&issuer_stock_code=3717&monyr_reg=202608&pg=&step=0&tg=
2026-09-04,2467,志聖工業股份有限公司,志聖工業股份有限公司國內第三次無擔保轉換公司債,115/01/22,https://mopsov.twse.com.tw/mops/web/t120sg01?TYPEK=&bond_id=24673&bond_kind=5&bond_subn=%24M00000001&bond_yrn=3&come=2&encodeURIComponent=1&firstin=ture&issuer_stock_code=2467&monyr_reg=202608&pg=&step=0&tg=
2026-09-04,2233,宇隆科技股份有限公司,宇隆科技股份有限公司國內第一次無擔保轉換公司債,115/01/23,https://mopsov.twse.com.tw/mops/web/t120sg01?TYPEK=&bond_id=22331&bond_kind=5&bond_subn=%24M00000001&bond_yrn=1&come=2&encodeURIComponent=1&firstin=ture&issuer_stock_code=2233&monyr_reg=202608&pg=&step=0&tg=
2026-09-04,2455,全新光電科技股份有限公司,全新光電科技股份有限公司國內第二次無擔保轉換公司債,115/01/23,https://mopsov.twse.com.tw/mops/web/t120sg01?TYPEK=&bond_id=24552&bond_kind=5&bond_subn=%24M00000001&bond_yrn=2&come=2&encodeURIComponent=1&firstin=ture&issuer_stock_code=2455&monyr_reg=202608&pg=&step=0&tg=
2026-09-04,8210,勤誠興業股份有限公司,勤誠興業股份有限公司國內第二次無擔保轉換公司債,115/01/26,https://mopsov.twse.com.tw/mops/web/t120sg01?TYPEK=&bond_id=82102&bond_kind=5&bond_subn=%24M00000001&bond_yrn=2&come=2&encodeURIComponent=1&firstin=ture&issuer_stock_code=8210&monyr_reg=202608&pg=&step=0&tg=
2026-09-04,2455,全新光電科技股份有限公司,全新光電科技股份有限公司國內第三次無擔保轉換公司債,115/01/27,https://mopsov.twse.com.tw/mops/web/t120sg01?TYPEK=&bond_id=24553&bond_kind=5&bond_subn=%24M00000001&bond_yrn=3&come=2&encodeURIComponent=1&firstin=ture&issuer_stock_code=2455&monyr_reg=202608&pg=&step=0&tg=
2026-09-04,6101,寬魚國際股份有限公司,寬魚國際股份有限公司國內第一次有擔保轉換公司債,115/01/29,https://mopsov.twse.com.tw/mops/web/t120sg01?TYPEK=&bond_id=61011&bond_kind=5&bond_subn=%24M00000001&bond_yrn=1&come=2&encodeURIComponent=1&firstin=ture&issuer_stock_code=6101&monyr_reg=202608&pg=&step=0&tg=
2026-09-04,3526,凡甲科技股份有限公司,凡甲科技股份有限公司國內第六次無擔保轉換公司債,113/01/29,https://mopsov.twse.com.tw/mops/web/t120sg01?TYPEK=&bond_id=35266&bond_kind=5&bond_subn=%24M00000001&bond_yrn=6&come=2&encodeURIComponent=1&firstin=ture&issuer_stock_code=3526&monyr_reg=202608&pg=&step=0&tg=
2026-09-04,4923,力士科技股份有限公司,力士科技股份有限公司國內第一次無擔保轉換公司債,115/01/29,https://mopsov.twse.com.tw/mops/web/t120sg01?TYPEK=&bond_id=49231&bond_kind=5&bond_subn=%24M00000001&bond_yrn=1&come=2&encodeURIComponent=1&firstin=ture&issuer_stock_code=4923&monyr_reg=202608&pg=&step=0&tg=
2026-09-04,6101,寬魚國際股份有限公司,寬魚國際股份有限公司國內第二次無擔保轉換公司債,115/01/30,https://mopsov.twse.com.tw/mops/web/t120sg01?TYPEK=&bond_id=61012&bond_kind=5&bond_subn=%24M00000001&bond_yrn=2&come=2&encodeURIComponent=1&firstin=ture&issuer_stock_code=6101&monyr_reg=202608&pg=&step=0&tg=
2026-09-04,8210,勤誠興業股份有限公司,勤誠興業股份有限公司國內第三次無擔保轉換公司債,115/02/03,https://mopsov.twse.com.tw/mops/web/t120sg01?TYPEK=&bond_id=82103&bond_kind=5&bond_subn=%24M00000001&bond_yrn=3&come=2&encodeURIComponent=1&firstin=ture&issuer_stock_code=8210&monyr_reg=202608&pg=&step=0&tg=
2026-09-04,6515,穎崴科技股份有限公司,穎崴科技股份有限公司國內第二次無擔保轉換公司債,115/02/05,https://mopsov.twse.com.tw/mops/web/t120sg01?TYPEK=&bond_id=65152&bond_kind=5&bond_subn=%24M00000001&bond_yrn=2&come=2&encodeURIComponent=1&firstin=ture&issuer_stock_code=6515&monyr_reg=202608&pg=&step=0&tg=
2026-09-04,3272,東碩資訊股份有限公司,東碩資訊股份有限公司國內第三次無擔保轉換公司債,113/03/07,https://mopsov.twse.com.tw/mops/web/t120sg01?TYPEK=&bond_id=32723&bond_kind=5&bond_subn=%24M00000001&bond_yrn=3&come=2&encodeURIComponent=1&firstin=ture&issuer_stock_code=3272&monyr_reg=202608&pg=&step=0&tg=
2026-09-04,6894,衛司特科技股份有限公司,衛司特科技股份有限公司國內第一次無擔保轉換公司債,115/03/09,https://mopsov.twse.com.tw/mops/web/t120sg01?TYPEK=&bond_id=68941&bond_kind=5&bond_subn=%24M00000001&bond_yrn=1&come=2&encodeURIComponent=1&firstin=ture&issuer_stock_code=6894&monyr_reg=202608&pg=&step=0&tg=
2026-09-04,6862,三集瑞科技國際集團股份有限公司,三集瑞科技國際集團股份有限公司中華民國境內第一次無擔保轉換公司債,115/03/13,https://mopsov.twse.com.tw/mops/web/t120sg01?TYPEK=&bond_id=68621&bond_kind=5&bond_subn=%24M00000001&bond_yrn=1&come=2&encodeURIComponent=1&firstin=ture&issuer_stock_code=6862&monyr_reg=202608&pg=&step=0&tg=
2026-09-04,2329,華泰電子股份有限公司,華泰電子股份有限公司國內第一次無擔保轉換公司債,115/03/18,https://mopsov.twse.com.tw/mops/web/t120sg01?TYPEK=&bond_id=23291&bond_kind=5&bond_subn=%24M00000001&bond_yrn=1&come=2&encodeURIComponent=1&firstin=ture&issuer_stock_code=2329&monyr_reg=202608&pg=&step=0&tg=
2026-09-04,6913,鴻呈實業股份有限公司,鴻呈實業股份有限公司國內第一次無擔保轉換公司債,115/03/19,https://mopsov.twse.com.tw/mops/web/t120sg01?TYPEK=&bond_id=69131&bond_kind=5&bond_subn=%24M00000001&bond_yrn=1&come=2&encodeURIComponent=1&firstin=ture&issuer_stock_code=6913&monyr_reg=202608&pg=&step=0&tg=
2026-09-04,6547,高端疫苗生物製劑股份有限公司,高端疫苗生物製劑股份有限公司國內第二次有擔保轉換公司債,115/03/19,https://mopsov.twse.com.tw/mops/web/t120sg01?TYPEK=&bond_id=65472&bond_kind=5&bond_subn=%24M00000001&bond_yrn=2&come=2&encodeURIComponent=1&firstin=ture&issuer_stock_code=6547&monyr_reg=202608&pg=&step=0&tg=
2026-09-04,3715,定穎投資控股股份有限公司,定穎投資控股股份有限公司國內第二次無擔保轉換公司債,115/03/24,https://mopsov.twse.com.tw/mops/web/t120sg01?TYPEK=&bond_id=37152&bond_kind=5&bond_subn=%24M00000001&bond_yrn=2&come=2&encodeURIComponent=1&firstin=ture&issuer_stock_code=3715&monyr_reg=202608&pg=&step=0&tg=
2026-09-04,6576,逸達生物科技股份有限公司,逸達生物科技股份有限公司國內第一次有擔保轉換公司債,115/03/25,https://mopsov.twse.com.tw/mops/web/t120sg01?TYPEK=&bond_id=65761&bond_kind=5&bond_subn=%24M00000001&bond_yrn=1&come=2&encodeURIComponent=1&firstin=ture&issuer_stock_code=6576&monyr_reg=202608&pg=&step=0&tg=
2026-09-04,3011,今皓實業股份有限公司,今皓實業股份有限公司國內第二次有擔保轉換公司債,115/03/26,https://mopsov.twse.com.tw/mops/web/t120sg01?TYPEK=&bond_id=30112&bond_kind=5&bond_subn=%24M00000001&bond_yrn=2&come=2&encodeURIComponent=1&firstin=ture&issuer_stock_code=3011&monyr_reg=202608&pg=&step=0&tg=
2026-09-04,8476,台境企業股份有限公司,台境企業股份有限公司國內第二次無擔保轉換公司債,115/04/21,https://mopsov.twse.com.tw/mops/web/t120sg01?TYPEK=&bond_id=84762&bond_kind=5&bond_subn=%24M00000001&bond_yrn=2&come=2&encodeURIComponent=1&firstin=ture&issuer_stock_code=8476&monyr_reg=202608&pg=&step=0&tg=
2026-09-04,8111,立碁電子工業股份有限公司,立碁電子工業股份有限公司國內第四次無擔保轉換公司債,115/04/28,https://mopsov.twse.com.tw/mops/web/t120sg01?TYPEK=&bond_id=81114&bond_kind=5&bond_subn=%24M00000001&bond_yrn=4&come=2&encodeURIComponent=1&firstin=ture&issuer_stock_code=8111&monyr_reg=202608&pg=&step=0&tg=
2026-09-04,6603,富強鑫精密工業股份有限公司,富強鑫精密工業股份有限公司國內第四次無擔保轉換公司債,115/05/04,https://mopsov.twse.com.tw/mops/web/t120sg01?TYPEK=&bond_id=66034&bond_kind=5&bond_subn=%24M00000001&bond_yrn=4&come=2&encodeURIComponent=1&firstin=ture&issuer_stock_code=6603&monyr_reg=202608&pg=&step=0&tg=
2026-09-04,4714,永捷創新科技股份有限公司,永捷創新科技股份有限公司國內第八次有擔保轉換公司債,115/05/04,https://mopsov.twse.com.tw/mops/web/t120sg01?TYPEK=&bond_id=47148&bond_kind=5&bond_subn=%24M00000001&bond_yrn=8&come=2&encodeURIComponent=1&firstin=ture&issuer_stock_code=4714&monyr_reg=202608&pg=&step=0&tg=
2026-09-04,5284,經寶精密控股股份有限公司,經寶精密控股股份有限公司中華民國境內第四次無擔保轉換公司債,115/05/05,https://mopsov.twse.com.tw/mops/web/t120sg01?TYPEK=&bond_id=52844&bond_kind=5&bond_subn=%24M00000001&bond_yrn=4&come=2&encodeURIComponent=1&firstin=ture&issuer_stock_code=5284&monyr_reg=202608&pg=&step=0&tg=
2026-09-04,8271,宇瞻科技股份有限公司,宇瞻科技股份有限公司國內第一次無擔保轉換公司債,115/05/05,https://mopsov.twse.com.tw/mops/web/t120sg01?TYPEK=&bond_id=82711&bond_kind=5&bond_subn=%24M00000001&bond_yrn=1&come=2&encodeURIComponent=1&firstin=ture&issuer_stock_code=8271&monyr_reg=202608&pg=&step=0&tg=
2026-09-04,3135,凌航科技股份有限公司,凌航科技股份有限公司國內第二次無擔保轉換公司債,115/05/05,https://mopsov.twse.com.tw/mops/web/t120sg01?TYPEK=&bond_id=31352&bond_kind=5&bond_subn=%24M00000001&bond_yrn=2&come=2&encodeURIComponent=1&firstin=ture&issuer_stock_code=3135&monyr_reg=202608&pg=&step=0&tg=
2026-09-04,8462,柏文健康事業股份有限公司,柏文健康事業股份有限公司國內第四次無擔保轉換公司債,115/05/08,https://mopsov.twse.com.tw/mops/web/t120sg01?TYPEK=&bond_id=84624&bond_kind=5&bond_subn=%24M00000001&bond_yrn=4&come=2&encodeURIComponent=1&firstin=ture&issuer_stock_code=8462&monyr_reg=202608&pg=&step=0&tg=
2026-09-04,5284,經寶精密控股股份有限公司,經寶精密控股股份有限公司中華民國境內第五次無擔保轉換公司債,115/05/11,https://mopsov.twse.com.tw/mops/web/t120sg01?TYPEK=&bond_id=52845&bond_kind=5&bond_subn=%24M00000001&bond_yrn=5&come=2&encodeURIComponent=1&firstin=ture&issuer_stock_code=5284&monyr_reg=202608&pg=&step=0&tg=
2026-09-04,4503,金雨企業股份有限公司,金雨企業股份有限公司國內第一次有擔保轉換公司債,115/05/13,https://mopsov.twse.com.tw/mops/web/t120sg01?TYPEK=&bond_id=45031&bond_kind=5&bond_subn=%24M00000001&bond_yrn=1&come=2&encodeURIComponent=1&firstin=ture&issuer_stock_code=4503&monyr_reg=202608&pg=&step=0&tg=
2026-09-04,8074,鉅橡企業股份有限公司,鉅橡企業股份有限公司國內第六次有擔保轉換公司債,115/05/14,https://mopsov.twse.com.tw/mops/web/t120sg01?TYPEK=&bond_id=80746&bond_kind=5&bond_subn=%24M00000001&bond_yrn=6&come=2&encodeURIComponent=1&firstin=ture&issuer_stock_code=8074&monyr_reg=202608&pg=&step=0&tg=
2026-09-04,7610,聯友金屬科技股份有限公司,聯友金屬科技股份有限公司國內第一次無擔保轉換公司債,115/05/20,https://mopsov.twse.com.tw/mops/web/t120sg01?TYPEK=&bond_id=76101&bond_kind=5&bond_subn=%24M00000001&bond_yrn=1&come=2&encodeURIComponent=1&firstin=ture&issuer_stock_code=7610&monyr_reg=202608&pg=&step=0&tg=
2026-09-04,4760,勤凱科技股份有限公司,勤凱科技股份有限公司國內第二次無擔保轉換公司債,115/05/22,https://mopsov.twse.com.tw/mops/web/t120sg01?TYPEK=&bond_id=47602&bond_kind=5&bond_subn=%24M00000001&bond_yrn=2&come=2&encodeURIComponent=1&firstin=ture&issuer_stock_code=4760&monyr_reg=202608&pg=&step=0&tg=
2026-09-04,8112,至上電子股份有限公司,至上電子股份有限公司國內第十次無擔保轉換公司債,113/05/24,https://mopsov.twse.com.tw/mops/web/t120sg01?TYPEK=&bond_id=811210&bond_kind=5&bond_subn=%24M00000001&bond_yrn=10&come=2&encodeURIComponent=1&firstin=ture&issuer_stock_code=8112&monyr_reg=202608&pg=&step=0&tg=
2026-09-04,5464,霖宏科技股份有限公司,霖宏科技股份有限公司國內第二次有擔保轉換公司債,115/05/25,https://mopsov.twse.com.tw/mops/web/t120sg01?TYPEK=&bond_id=54642&bond_kind=5&bond_subn=%24M00000001&bond_yrn=2&come=2&encodeURIComponent=1&firstin=ture&issuer_stock_code=5464&monyr_reg=202608&pg=&step=0&tg=
2026-09-04,4722,國精化學股份有限公司,國精化學股份有限公司國內第四次無擔保轉換公司債,115/05/26,https://mopsov.twse.com.tw/mops/web/t120sg01?TYPEK=&bond_id=47224&bond_kind=5&bond_subn=%24M00000001&bond_yrn=4&come=2&encodeURIComponent=1&firstin=ture&issuer_stock_code=4722&monyr_reg=202608&pg=&step=0&tg=
2026-09-04,4749,新應材股份有限公司,新應材股份有限公司國內第一次無擔保轉換公司債,115/05/28,https://mopsov.twse.com.tw/mops/web/t120sg01?TYPEK=&bond_id=47491&bond_kind=5&bond_subn=%24M00000001&bond_yrn=1&come=2&encodeURIComponent=1&firstin=ture&issuer_stock_code=4749&monyr_reg=202608&pg=&step=0&tg=
2026-09-04,4931,新盛力科技股份有限公司,新盛力科技股份有限公司國內第一次無擔保轉換公司債,115/05/29,https://mopsov.twse.com.tw/mops/web/t120sg01?TYPEK=&bond_id=49311&bond_kind=5&bond_subn=%24M00000001&bond_yrn=1&come=2&encodeURIComponent=1&firstin=ture&issuer_stock_code=4931&monyr_reg=202608&pg=&step=0&tg=
2026-09-04,6546,正基科技股份有限公司,正基科技股份有限公司國內第二次無擔保轉換公司債,115/06/09,https://mopsov.twse.com.tw/mops/web/t120sg01?TYPEK=&bond_id=65462&bond_kind=5&bond_subn=%24M00000001&bond_yrn=2&come=2&encodeURIComponent=1&firstin=ture&issuer_stock_code=6546&monyr_reg=202608&pg=&step=0&tg=
2026-09-04,6220,岳豐科技股份有限公司,岳豐科技股份有限公司國內第十次有擔保轉換公司債,115/06/10,https://mopsov.twse.com.tw/mops/web/t120sg01?TYPEK=&bond_id=622010&bond_kind=5&bond_subn=%24M00000002&bond_yrn=10&come=2&encodeURIComponent=1&firstin=ture&issuer_stock_code=6220&monyr_reg=202608&pg=&step=0&tg=
2026-09-04,3294,英濟股份有限公司,英濟股份有限公司國內第三次有擔保轉換公司債,115/06/18,https://mopsov.twse.com.tw/mops/web/t120sg01?TYPEK=&bond_id=32943&bond_kind=5&bond_subn=%24M00000002&bond_yrn=3&come=2&encodeURIComponent=1&firstin=ture&issuer_stock_code=3294&monyr_reg=202608&pg=&step=0&tg=
2026-09-04,4190,佐登妮絲集團股份有限公司,佐登妮絲集團股份有限公司中華民國境內第四次有擔保轉換公司債,115/06/30,https://mopsov.twse.com.tw/mops/web/t120sg01?TYPEK=&bond_id=41904&bond_kind=5&bond_subn=%24M00000001&bond_yrn=4&come=2&encodeURIComponent=1&firstin=ture&issuer_stock_code=4190&monyr_reg=202608&pg=&step=0&tg=
2026-09-04,6546,正基科技股份有限公司,正基科技股份有限公司國內第三次無擔保轉換公司債,115/06/30,https://mopsov.twse.com.tw/mops/web/t120sg01?TYPEK=&bond_id=65463&bond_kind=5&bond_subn=%24M00000001&bond_yrn=3&come=2&encodeURIComponent=1&firstin=ture&issuer_stock_code=6546&monyr_reg=202608&pg=&step=0&tg=
2026-09-04,5289,宜鼎國際股份有限公司,宜鼎國際股份有限公司國內第二次無擔保轉換公司債,115/07/01,https://mopsov.twse.com.tw/mops/web/t120sg01?TYPEK=&bond_id=52892&bond_kind=5&bond_subn=%24M00000001&bond_yrn=2&come=2&encodeURIComponent=1&firstin=ture&issuer_stock_code=5289&monyr_reg=202608&pg=&step=0&tg=
2026-09-04,8096,擎亞電子股份有限公司,擎亞電子股份有限公司國內第二次無擔保轉換公司債,115/07/02,https://mopsov.twse.com.tw/mops/web/t120sg01?TYPEK=&bond_id=80962&bond_kind=5&bond_subn=%24M00000002&bond_yrn=2&come=2&encodeURIComponent=1&firstin=ture&issuer_stock_code=8096&monyr_reg=202608&pg=&step=0&tg=
2026-09-04,6584,南俊國際股份有限公司,南俊國際股份有限公司國內第三次無擔保轉換公司債,115/07/02,https://mopsov.twse.com.tw/mops/web/t120sg01?TYPEK=&bond_id=65843&bond_kind=5&bond_subn=%24M00000001&bond_yrn=3&come=2&encodeURIComponent=1&firstin=ture&issuer_stock_code=6584&monyr_reg=202608&pg=&step=0&tg=
2026-09-04,6187,萬潤科技股份有限公司,萬潤科技股份有限公司國內第六次無擔保轉換公司債,115/07/02,https://mopsov.twse.com.tw/mops/web/t120sg01?TYPEK=&bond_id=61876&bond_kind=5&bond_subn=%24M00000001&bond_yrn=6&come=2&encodeURIComponent=1&firstin=ture&issuer_stock_code=6187&monyr_reg=202608&pg=&step=0&tg=
2026-09-04,6624,萬年清環境工程股份有限公司,萬年清環境工程股份有限公司國內第一次有擔保轉換公司債,113/07/05,https://mopsov.twse.com.tw/mops/web/t120sg01?TYPEK=&bond_id=66241&bond_kind=5&bond_subn=%24M00000001&bond_yrn=1&come=2&encodeURIComponent=1&firstin=ture&issuer_stock_code=6624&monyr_reg=202608&pg=&step=0&tg=
2026-09-04,3605,宏致電子股份有限公司,宏致電子股份有限公司國內第四次無擔保轉換公司債,115/07/06,https://mopsov.twse.com.tw/mops/web/t120sg01?TYPEK=&bond_id=36054&bond_kind=5&bond_subn=%24M00000001&bond_yrn=4&come=2&encodeURIComponent=1&firstin=ture&issuer_stock_code=3605&monyr_reg=202608&pg=&step=0&tg=
2026-09-04,8096,擎亞電子股份有限公司,擎亞電子股份有限公司國內第三次無擔保轉換公司債,115/07/14,https://mopsov.twse.com.tw/mops/web/t120sg01?TYPEK=&bond_id=80963&bond_kind=5&bond_subn=%24M00000001&bond_yrn=3&come=2&encodeURIComponent=1&firstin=ture&issuer_stock_code=8096&monyr_reg=202608&pg=&step=0&tg=
2026-09-04,3362,先進光電科技股份有限公司,先進光電科技股份有限公司國內第一次有擔保轉換公司債,113/07/16,https://mopsov.twse.com.tw/mops/web/t120sg01?TYPEK=&bond_id=33621&bond_kind=5&bond_subn=%24M00000001&bond_yrn=1&come=2&encodeURIComponent=1&firstin=ture&issuer_stock_code=3362&monyr_reg=202608&pg=&step=0&tg=
2026-09-04,1623,大東電業廠股份有限公司,大東電業廠股份有限公司國內第一次無擔保轉換公司債,115/07/16,https://mopsov.twse.com.tw/mops/web/t120sg01?TYPEK=&bond_id=16231&bond_kind=5&bond_subn=%24M00000001&bond_yrn=1&come=2&encodeURIComponent=1&firstin=ture&issuer_stock_code=1623&monyr_reg=202608&pg=&step=0&tg=
2026-09-04,6134,萬旭電業股份有限公司,萬旭電業股份有限公司國內第三次有擔保轉換公司債,115/07/20,https://mopsov.twse.com.tw/mops/web/t120sg01?TYPEK=&bond_id=61343&bond_kind=5&bond_subn=%24M00000001&bond_yrn=3&come=2&encodeURIComponent=1&firstin=ture&issuer_stock_code=6134&monyr_reg=202608&pg=&step=0&tg=
2026-09-04,8054,安國國際科技股份有限公司,安國國際科技股份有限公司國內第一次有擔保轉換公司債,115/07/22,https://mopsov.twse.com.tw/mops/web/t120sg01?TYPEK=&bond_id=80541&bond_kind=5&bond_subn=%24M00000001&bond_yrn=1&come=2&encodeURIComponent=1&firstin=ture&issuer_stock_code=8054&monyr_reg=202608&pg=&step=0&tg=
2026-09-04,2486,一詮精密工業股份有限公司,一詮精密工業股份有限公司國內第七次無擔保轉換公司債,115/07/23,https://mopsov.twse.com.tw/mops/web/t120sg01?TYPEK=&bond_id=24867&bond_kind=5&bond_subn=%24M00000001&bond_yrn=7&come=2&encodeURIComponent=1&firstin=ture&issuer_stock_code=2486&monyr_reg=202608&pg=&step=0&tg=
2026-09-04,9933,中鼎工程股份有限公司,中鼎工程股份有限公司國內第二次無擔保轉換公司債,113/07/23,https://mopsov.twse.com.tw/mops/web/t120sg01?TYPEK=&bond_id=99332&bond_kind=5&bond_subn=%24M00000001&bond_yrn=2&come=2&encodeURIComponent=1&firstin=ture&issuer_stock_code=9933&monyr_reg=202608&pg=&step=0&tg=
2026-09-04,6869,雲豹能源科技股份有限公司,雲豹能源科技股份有限公司國內第二次有擔保轉換公司債,115/07/24,https://mopsov.twse.com.tw/mops/web/t120sg01?TYPEK=&bond_id=68692&bond_kind=5&bond_subn=%24M00000001&bond_yrn=2&come=2&encodeURIComponent=1&firstin=ture&issuer_stock_code=6869&monyr_reg=202608&pg=&step=0&tg=
2026-09-04,6693,廣閎科技股份有限公司,廣閎科技股份有限公司國內第一次無擔保轉換公司債,115/07/24,https://mopsov.twse.com.tw/mops/web/t120sg01?TYPEK=&bond_id=66931&bond_kind=5&bond_subn=%24M00000001&bond_yrn=1&come=2&encodeURIComponent=1&firstin=ture&issuer_stock_code=6693&monyr_reg=202608&pg=&step=0&tg=
2026-09-04,8442,威宏控股股份有限公司,威宏控股股份有限公司中華民國境內第三次有擔保轉換公司債,115/07/24,https://mopsov.twse.com.tw/mops/web/t120sg01?TYPEK=&bond_id=84423&bond_kind=5&bond_subn=%24M00000001&bond_yrn=3&come=2&encodeURIComponent=1&firstin=ture&issuer_stock_code=8442&monyr_reg=202608&pg=&step=0&tg=
2026-09-04,6903,巨漢系統科技股份有限公司,巨漢系統科技股份有限公司國內第一次無擔保轉換公司債,115/07/24,https://mopsov.twse.com.tw/mops/web/t120sg01?TYPEK=&bond_id=69031&bond_kind=5&bond_subn=%24M00000001&bond_yrn=1&come=2&encodeURIComponent=1&firstin=ture&issuer_stock_code=6903&monyr_reg=202608&pg=&step=0&tg=
2026-09-04,5291,邑昇實業股份有限公司,邑昇實業股份有限公司國內第二次無擔保轉換公司債,115/07/29,https://mopsov.twse.com.tw/mops/web/t120sg01?TYPEK=&bond_id=52912&bond_kind=5&bond_subn=%24M00000001&bond_yrn=2&come=2&encodeURIComponent=1&firstin=ture&issuer_stock_code=5291&monyr_reg=202608&pg=&step=0&tg=
2026-09-04,3583,辛耘企業股份有限公司,辛耘企業股份有限公司國內第三次無擔保轉換公司債,115/07/30,https://mopsov.twse.com.tw/mops/web/t120sg01?TYPEK=&bond_id=35833&bond_kind=5&bond_subn=%24M00000001&bond_yrn=3&come=2&encodeURIComponent=1&firstin=ture&issuer_stock_code=3583&monyr_reg=202608&pg=&step=0&tg=
2026-09-04,3324,雙鴻科技股份有限公司,雙鴻科技股份有限公司國內第五次無擔保轉換公司債,113/07/31,https://mopsov.twse.com.tw/mops/web/t120sg01?TYPEK=&bond_id=33245&bond_kind=5&bond_subn=%24M00000001&bond_yrn=5&come=2&encodeURIComponent=1&firstin=ture&issuer_stock_code=3324&monyr_reg=202608&pg=&step=0&tg=
2026-09-04,5536,聖暉工程科技股份有限公司,聖暉工程科技股份有限公司國內第二次無擔保轉換公司債,115/08/04,https://mopsov.twse.com.tw/mops/web/t120sg01?TYPEK=&bond_id=55362&bond_kind=5&bond_subn=%24M00000001&bond_yrn=2&come=2&encodeURIComponent=1&firstin=ture&issuer_stock_code=5536&monyr_reg=202608&pg=&step=0&tg=
2026-09-04,8438,昶昕實業股份有限公司,昶昕實業股份有限公司國內第一次無擔保轉換公司債,115/08/05,https://mopsov.twse.com.tw/mops/web/t120sg01?TYPEK=&bond_id=84381&bond_kind=5&bond_subn=%24M00000001&bond_yrn=1&come=2&encodeURIComponent=1&firstin=ture&issuer_stock_code=8438&monyr_reg=202608&pg=&step=0&tg=
2026-09-04,4764,雙鍵化工股份有限公司,雙鍵化工股份有限公司國內第二次有擔保轉換公司債,115/08/05,https://mopsov.twse.com.tw/mops/web/t120sg01?TYPEK=&bond_id=47642&bond_kind=5&bond_subn=%24M00000001&bond_yrn=2&come=2&encodeURIComponent=1&firstin=ture&issuer_stock_code=4764&monyr_reg=202608&pg=&step=0&tg=
2026-09-04,6903,巨漢系統科技股份有限公司,巨漢系統科技股份有限公司國內第二次無擔保轉換公司債,115/08/07,https://mopsov.twse.com.tw/mops/web/t120sg01?TYPEK=&bond_id=69032&bond_kind=5&bond_subn=%24M00000001&bond_yrn=2&come=2&encodeURIComponent=1&firstin=ture&issuer_stock_code=6903&monyr_reg=202608&pg=&step=0&tg=
2026-09-04,1402,遠東新世紀股份有限公司,遠東新世紀股份有限公司國內第二次無擔保交換公司債,113/08/08,https://mopsov.twse.com.tw/mops/web/t120sg01?TYPEK=&bond_id=140202&bond_kind=5&bond_subn=%24M00000001&bond_yrn=2&come=2&encodeURIComponent=1&firstin=ture&issuer_stock_code=1402&monyr_reg=202608&pg=&step=0&tg=
2026-09-04,1402,遠東新世紀股份有限公司,遠東新世紀股份有限公司國內第一次無擔保交換公司債,113/08/08,https://mopsov.twse.com.tw/mops/web/t120sg01?TYPEK=&bond_id=140201&bond_kind=5&bond_subn=%24M00000001&bond_yrn=1&come=2&encodeURIComponent=1&firstin=ture&issuer_stock_code=1402&monyr_reg=202608&pg=&step=0&tg=
2026-09-04,6683,雍智科技股份有限公司,雍智科技股份有限公司國內第一次無擔保轉換公司債,115/08/10,https://mopsov.twse.com.tw/mops/web/t120sg01?TYPEK=&bond_id=66831&bond_kind=5&bond_subn=%24M00000001&bond_yrn=1&come=2&encodeURIComponent=1&firstin=ture&issuer_stock_code=6683&monyr_reg=202608&pg=&step=0&tg=
2026-09-04,3081,聯亞光電工業股份有限公司,聯亞光電工業股份有限公司國內第一次有擔保轉換公司債,115/08/12,https://mopsov.twse.com.tw/mops/web/t120sg01?TYPEK=&bond_id=30811&bond_kind=5&bond_subn=%24M00000001&bond_yrn=1&come=2&encodeURIComponent=1&firstin=ture&issuer_stock_code=3081&monyr_reg=202608&pg=&step=0&tg=
2026-09-04,3081,聯亞光電工業股份有限公司,聯亞光電工業股份有限公司國內第二次無擔保轉換公司債,115/08/13,https://mopsov.twse.com.tw/mops/web/t120sg01?TYPEK=&bond_id=30812&bond_kind=5&bond_subn=%24M00000001&bond_yrn=2&come=2&encodeURIComponent=1&firstin=ture&issuer_stock_code=3081&monyr_reg=202608&pg=&step=0&tg=
2026-09-04,6570,維田科技股份有限公司,維田科技股份有限公司國內第二次無擔保轉換公司債,115/08/14,https://mopsov.twse.com.tw/mops/web/t120sg01?TYPEK=&bond_id=65702&bond_kind=5&bond_subn=%24M00000001&bond_yrn=2&come=2&encodeURIComponent=1&firstin=ture&issuer_stock_code=6570&monyr_reg=202608&pg=&step=0&tg=
2026-09-04,5536,聖暉工程科技股份有限公司,聖暉工程科技股份有限公司國內第三次無擔保轉換公司債,115/08/17,https://mopsov.twse.com.tw/mops/web/t120sg01?TYPEK=&bond_id=55363&bond_kind=5&bond_subn=%24M00000001&bond_yrn=3&come=2&encodeURIComponent=1&firstin=ture&issuer_stock_code=5536&monyr_reg=202608&pg=&step=0&tg=
2026-09-04,8936,國統國際股份有限公司,國統國際股份有限公司國內第五次有擔保轉換公司債,115/08/17,https://mopsov.twse.com.tw/mops/web/t120sg01?TYPEK=&bond_id=89365&bond_kind=5&bond_subn=%24M00000001&bond_yrn=5&come=2&encodeURIComponent=1&firstin=ture&issuer_stock_code=8936&monyr_reg=202608&pg=&step=0&tg=
2026-09-04,3016,嘉晶電子股份有限公司,嘉晶電子股份有限公司國內第六次無擔保轉換公司債,115/08/18,https://mopsov.twse.com.tw/mops/web/t120sg01?TYPEK=&bond_id=30166&bond_kind=5&bond_subn=%24M00000001&bond_yrn=6&come=2&encodeURIComponent=1&firstin=ture&issuer_stock_code=3016&monyr_reg=202608&pg=&step=0&tg=
2026-09-04,3512,皇龍開發股份有限公司,皇龍開發股份有限公司國內第二次有擔保轉換公司債,115/08/18,https://mopsov.twse.com.tw/mops/web/t120sg01?TYPEK=&bond_id=35122&bond_kind=5&bond_subn=%24M00000001&bond_yrn=2&come=2&encodeURIComponent=1&firstin=ture&issuer_stock_code=3512&monyr_reg=202608&pg=&step=0&tg=
2026-09-04,4973,廣穎電通股份有限公司,廣穎電通股份有限公司國內第一次無擔保轉換公司債,115/08/21,https://mopsov.twse.com.tw/mops/web/t120sg01?TYPEK=&bond_id=49731&bond_kind=5&bond_subn=%24M00000001&bond_yrn=1&come=2&encodeURIComponent=1&firstin=ture&issuer_stock_code=4973&monyr_reg=202608&pg=&step=0&tg=
2026-09-04,3376,新日興股份有限公司,新日興股份有限公司國內第三次無擔保轉換公司債,113/08/23,https://mopsov.twse.com.tw/mops/web/t120sg01?TYPEK=&bond_id=33763&bond_kind=5&bond_subn=%24M00000001&bond_yrn=3&come=2&encodeURIComponent=1&firstin=ture&issuer_stock_code=3376&monyr_reg=202608&pg=&step=0&tg=
2026-09-04,3219,倚強科技股份有限公司,倚強科技股份有限公司國內第一次無擔保轉換公司債,115/08/25,https://mopsov.twse.com.tw/mops/web/t120sg01?TYPEK=&bond_id=32191&bond_kind=5&bond_subn=%24M00000001&bond_yrn=1&come=2&encodeURIComponent=1&firstin=ture&issuer_stock_code=3219&monyr_reg=202608&pg=&step=0&tg=
2026-09-04,7631,聚賢研發股份有限公司,聚賢研發股份有限公司國內第一次無擔保轉換公司債,115/08/26,https://mopsov.twse.com.tw/mops/web/t120sg01?TYPEK=&bond_id=76311&bond_kind=5&bond_subn=%24M00000001&bond_yrn=1&come=2&encodeURIComponent=1&firstin=ture&issuer_stock_code=7631&monyr_reg=202608&pg=&step=0&tg=
2026-09-04,8936,國統國際股份有限公司,國統國際股份有限公司國內第六次無擔保轉換公司債,115/08/28,https://mopsov.twse.com.tw/mops/web/t120sg01?TYPEK=&bond_id=89366&bond_kind=5&bond_subn=%24M00000001&bond_yrn=6&come=2&encodeURIComponent=1&firstin=ture&issuer_stock_code=8936&monyr_reg=202608&pg=&step=0&tg=
2026-09-04,3149,正達國際光電股份有限公司,正達國際光電股份有限公司國內第四次有擔保轉換公司債,115/08/31,https://mopsov.twse.com.tw/mops/web/t120sg01?TYPEK=&bond_id=31494&bond_kind=5&bond_subn=%24M00000001&bond_yrn=4&come=2&encodeURIComponent=1&firstin=ture&issuer_stock_code=3149&monyr_reg=202608&pg=&step=0&tg=
2026-09-04,6680,鑫創電子股份有限公司,鑫創電子股份有限公司國內第一次無擔保轉換公司債,113/09/02,https://mopsov.twse.com.tw/mops/web/t120sg01?TYPEK=&bond_id=66801&bond_kind=5&bond_subn=%24M00000001&bond_yrn=1&come=2&encodeURIComponent=1&firstin=ture&issuer_stock_code=6680&monyr_reg=202608&pg=&step=0&tg=
2026-09-04,1595,川寶科技股份有限公司,川寶科技股份有限公司國內第二次無擔保轉換公司債,113/09/02,https://mopsov.twse.com.tw/mops/web/t120sg01?TYPEK=&bond_id=15952&bond_kind=5&bond_subn=%24M00000001&bond_yrn=2&come=2&encodeURIComponent=1&firstin=ture&issuer_stock_code=1595&monyr_reg=202608&pg=&step=0&tg=
2026-09-04,1560,中國砂輪企業股份有限公司,中國砂輪企業股份有限公司國內第二次無擔保轉換公司債,115/09/03,https://mopsov.twse.com.tw/mops/web/t120sg01?TYPEK=&bond_id=15602&bond_kind=5&bond_subn=%24M00000001&bond_yrn=2&come=2&encodeURIComponent=1&firstin=ture&issuer_stock_code=1560&monyr_reg=202608&pg=&step=0&tg=
2026-09-04,2464,盟立自動化股份有限公司,盟立自動化股份有限公司國內第三次無擔保轉換公司債,115/09/07,https://mopsov.twse.com.tw/mops/web/t120sg01?TYPEK=&bond_id=24643&bond_kind=5&bond_subn=%24M00000001&bond_yrn=3&come=2&encodeURIComponent=1&firstin=ture&issuer_stock_code=2464&monyr_reg=202608&pg=&step=0&tg=
2026-09-04,8222,寶一科技股份有限公司,寶一科技股份有限公司國內第一次有擔保轉換公司債,115/09/10,https://mopsov.twse.com.tw/mops/web/t120sg01?TYPEK=&bond_id=82221&bond_kind=5&bond_subn=%24M00000001&bond_yrn=1&come=2&encodeURIComponent=1&firstin=ture&issuer_stock_code=8222&monyr_reg=202609&pg=&step=0&tg=
2026-09-04,7743,金利食安科技股份有限公司,金利食安科技股份有限公司國內第一次無擔保轉換公司債,115/09/10,https://mopsov.twse.com.tw/mops/web/t120sg01?TYPEK=&bond_id=77431&bond_kind=5&bond_subn=%24M00000001&bond_yrn=1&come=2&encodeURIComponent=1&firstin=ture&issuer_stock_code=7743&monyr_reg=202609&pg=&step=0&tg=
2026-09-04,2221,大甲永和機械工業股份有限公司,大甲永和機械工業股份有限公司國內第一次無擔保轉換公司債,115/09/11,https://mopsov.twse.com.tw/mops/web/t120sg01?TYPEK=&bond_id=22211&bond_kind=5&bond_subn=%24M00000001&bond_yrn=1&come=2&encodeURIComponent=1&firstin=ture&issuer_stock_code=2221&monyr_reg=202609&pg=&step=0&tg=
2026-09-04,3033,威健實業股份有限公司,威健實業股份有限公司國內第七次無擔保轉換公司債,113/09/11,https://mopsov.twse.com.tw/mops/web/t120sg01?TYPEK=&bond_id=30337&bond_kind=5&bond_subn=%24M00000001&bond_yrn=7&come=2&encodeURIComponent=1&firstin=ture&issuer_stock_code=3033&monyr_reg=202608&pg=&step=0&tg=
2026-09-04,5244,弘凱光電股份有限公司,弘凱光電股份有限公司國內第一次無擔保轉換公司債,113/09/25,https://mopsov.twse.com.tw/mops/web/t120sg01?TYPEK=&bond_id=52441&bond_kind=5&bond_subn=%24M00000001&bond_yrn=1&come=2&encodeURIComponent=1&firstin=ture&issuer_stock_code=5244&monyr_reg=202608&pg=&step=0&tg=
2026-09-04,6182,合晶科技股份有限公司,合晶科技股份有限公司國內第八次無擔保轉換公司債,113/09/27,https://mopsov.twse.com.tw/mops/web/t120sg01?TYPEK=&bond_id=61828&bond_kind=5&bond_subn=%24M00000001&bond_yrn=8&come=2&encodeURIComponent=1&firstin=ture&issuer_stock_code=6182&monyr_reg=202608&pg=&step=0&tg=
2026-09-04,1609,大亞電線電纜股份有限公司,大亞電線電纜股份有限公司國內第五次無擔保轉換公司債,113/09/30,https://mopsov.twse.com.tw/mops/web/t120sg01?TYPEK=&bond_id=16095&bond_kind=5&bond_subn=%24M00000001&bond_yrn=5&come=2&encodeURIComponent=1&firstin=ture&issuer_stock_code=1609&monyr_reg=202608&pg=&step=0&tg=
2026-09-04,2034,允強實業股份有限公司,允強實業股份有限公司國內第四次無擔保轉換公司債,113/10/02,https://mopsov.twse.com.tw/mops/web/t120sg01?TYPEK=&bond_id=20344&bond_kind=5&bond_subn=%24M00000001&bond_yrn=4&come=2&encodeURIComponent=1&firstin=ture&issuer_stock_code=2034&monyr_reg=202608&pg=&step=0&tg=
2026-09-04,2548,華固建設股份有限公司,華固建設股份有限公司國內第三次無擔保轉換公司債,113/10/02,https://mopsov.twse.com.tw/mops/web/t120sg01?TYPEK=&bond_id=25483&bond_kind=5&bond_subn=%24M00000001&bond_yrn=3&come=2&encodeURIComponent=1&firstin=ture&issuer_stock_code=2548&monyr_reg=202608&pg=&step=0&tg=
2026-09-04,5212,凌網科技股份有限公司,凌網科技股份有限公司國內第一次無擔保轉換公司債,113/10/15,https://mopsov.twse.com.tw/mops/web/t120sg01?TYPEK=&bond_id=52121&bond_kind=5&bond_subn=%24M00000001&bond_yrn=1&come=2&encodeURIComponent=1&firstin=ture&issuer_stock_code=5212&monyr_reg=202608&pg=&step=0&tg=
2026-09-04,2548,華固建設股份有限公司,華固建設股份有限公司國內第四次無擔保轉換公司債,113/10/18,https://mopsov.twse.com.tw/mops/web/t120sg01?TYPEK=&bond_id=25484&bond_kind=5&bond_subn=%24M00000001&bond_yrn=4&come=2&encodeURIComponent=1&firstin=ture&issuer_stock_code=2548&monyr_reg=202608&pg=&step=0&tg=
2026-09-04,9939,宏全國際股份有限公司,宏全國際股份有限公司國內第二次無擔保轉換公司債,113/10/29,https://mopsov.twse.com.tw/mops/web/t120sg01?TYPEK=&bond_id=99392&bond_kind=5&bond_subn=%24M00000001&bond_yrn=2&come=2&encodeURIComponent=1&firstin=ture&issuer_stock_code=9939&monyr_reg=202608&pg=&step=0&tg=
2026-09-04,3257,虹冠電子工業股份有限公司,虹冠電子工業股份有限公司國內第一次無擔保轉換公司債,113/11/01,https://mopsov.twse.com.tw/mops/web/t120sg01?TYPEK=&bond_id=32571&bond_kind=5&bond_subn=%24M00000001&bond_yrn=1&come=2&encodeURIComponent=1&firstin=ture&issuer_stock_code=3257&monyr_reg=202608&pg=&step=0&tg=
2026-09-04,3303,岱稜科技股份有限公司,岱稜科技股份有限公司國內第五次無擔保轉換公司債,113/11/26,https://mopsov.twse.com.tw/mops/web/t120sg01?TYPEK=&bond_id=33035&bond_kind=5&bond_subn=%24M00000001&bond_yrn=5&come=2&encodeURIComponent=1&firstin=ture&issuer_stock_code=3303&monyr_reg=202608&pg=&step=0&tg=
2026-09-04,6870,騰雲科技服務股份有限公司,騰雲科技服務股份有限公司國內第一次無擔保轉換公司債,113/12/05,https://mopsov.twse.com.tw/mops/web/t120sg01?TYPEK=&bond_id=68701&bond_kind=5&bond_subn=%24M00000001&bond_yrn=1&come=2&encodeURIComponent=1&firstin=ture&issuer_stock_code=6870&monyr_reg=202608&pg=&step=0&tg=
2026-09-04,6870,騰雲科技服務股份有限公司,騰雲科技服務股份有限公司國內第二次無擔保轉換公司債,113/12/05,https://mopsov.twse.com.tw/mops/web/t120sg01?TYPEK=&bond_id=68702&bond_kind=5&bond_subn=%24M00000001&bond_yrn=2&come=2&encodeURIComponent=1&firstin=ture&issuer_stock_code=6870&monyr_reg=202608&pg=&step=0&tg=
2026-09-04,1101,臺灣水泥股份有限公司,臺灣水泥股份有限公司國內第一次無擔保轉換公司債,113/12/10,https://mopsov.twse.com.tw/mops/web/t120sg01?TYPEK=&bond_id=11011&bond_kind=5&bond_subn=%24M00000001&bond_yrn=1&come=2&encodeURIComponent=1&firstin=ture&issuer_stock_code=1101&monyr_reg=202608&pg=&step=0&tg=
2026-09-04,1438,三地開發地產股份有限公司,三地開發地產股份有限公司國內第一次有擔保轉換公司債,113/12/19,https://mopsov.twse.com.tw/mops/web/t120sg01?TYPEK=&bond_id=14381&bond_kind=5&bond_subn=%24M00000001&bond_yrn=1&come=2&encodeURIComponent=1&firstin=ture&issuer_stock_code=1438&monyr_reg=202608&pg=&step=0&tg=
2026-09-04,2528,皇普建設股份有限公司,皇普建設股份有限公司國內第三次有擔保轉換公司債,113/12/31,https://mopsov.twse.com.tw/mops/web/t120sg01?TYPEK=&bond_id=25283&bond_kind=5&bond_subn=%24M00000002&bond_yrn=3&come=2&encodeURIComponent=1&firstin=ture&issuer_stock_code=2528&monyr_reg=202609&pg=&step=0&tg=
2026-09-04,8155,博智電子股份有限公司,博智電子股份有限公司國內第一次無擔保轉換公司債,114/01/10,https://mopsov.twse.com.tw/mops/web/t120sg01?TYPEK=&bond_id=81551&bond_kind=5&bond_subn=%24M00000001&bond_yrn=1&come=2&encodeURIComponent=1&firstin=ture&issuer_stock_code=8155&monyr_reg=202608&pg=&step=0&tg=
2026-09-04,1514,亞力電機股份有限公司,亞力電機股份有限公司國內第二次無擔保轉換公司債,114/01/13,https://mopsov.twse.com.tw/mops/web/t120sg01?TYPEK=&bond_id=15142&bond_kind=5&bond_subn=%24M00000001&bond_yrn=2&come=2&encodeURIComponent=1&firstin=ture&issuer_stock_code=1514&monyr_reg=202608&pg=&step=0&tg=
2026-09-04,2528,皇普建設股份有限公司,皇普建設股份有限公司國內第四次無擔保轉換公司債,114/01/17,https://mopsov.twse.com.tw/mops/web/t120sg01?TYPEK=&bond_id=25284&bond_kind=5&bond_subn=%24M00000001&bond_yrn=4&come=2&encodeURIComponent=1&firstin=ture&issuer_stock_code=2528&monyr_reg=202609&pg=&step=0&tg=
2026-09-04,8028,昇陽國際半導體股份有限公司,昇陽國際半導體股份有限公司國內第二次無擔保轉換公司債,114/01/22,https://mopsov.twse.com.tw/mops/web/t120sg01?TYPEK=&bond_id=80282&bond_kind=5&bond_subn=%24M00000001&bond_yrn=2&come=2&encodeURIComponent=1&firstin=ture&issuer_stock_code=8028&monyr_reg=202608&pg=&step=0&tg=
2026-09-04,3045,台灣大哥大股份有限公司,台灣大哥大股份有限公司國內第四次無擔保轉換公司債,114/02/24,https://mopsov.twse.com.tw/mops/web/t120sg01?TYPEK=&bond_id=30454&bond_kind=5&bond_subn=%24M00000001&bond_yrn=4&come=2&encodeURIComponent=1&firstin=ture&issuer_stock_code=3045&monyr_reg=202608&pg=&step=0&tg=
2026-09-04,3548,兆利科技工業股份有限公司,兆利科技工業股份有限公司國內第三次無擔保轉換公司債,114/02/25,https://mopsov.twse.com.tw/mops/web/t120sg01?TYPEK=&bond_id=35483&bond_kind=5&bond_subn=%24M00000001&bond_yrn=3&come=2&encodeURIComponent=1&firstin=ture&issuer_stock_code=3548&monyr_reg=202608&pg=&step=0&tg=
2026-09-04,3045,台灣大哥大股份有限公司,台灣大哥大股份有限公司國內第五次無擔保轉換公司債,114/02/25,https://mopsov.twse.com.tw/mops/web/t120sg01?TYPEK=&bond_id=30455&bond_kind=5&bond_subn=%24M00000001&bond_yrn=5&come=2&encodeURIComponent=1&firstin=ture&issuer_stock_code=3045&monyr_reg=202608&pg=&step=0&tg=
2026-09-04,6846,綠茵生技股份有限公司,綠茵生技股份有限公司國內第一次無擔保轉換公司債,114/03/13,https://mopsov.twse.com.tw/mops/web/t120sg01?TYPEK=&bond_id=68461&bond_kind=5&bond_subn=%24M00000001&bond_yrn=1&come=2&encodeURIComponent=1&firstin=ture&issuer_stock_code=6846&monyr_reg=202608&pg=&step=0&tg=
2026-09-04,6846,綠茵生技股份有限公司,綠茵生技股份有限公司國內第二次無擔保轉換公司債,114/03/25,https://mopsov.twse.com.tw/mops/web/t120sg01?TYPEK=&bond_id=68462&bond_kind=5&bond_subn=%24M00000001&bond_yrn=2&come=2&encodeURIComponent=1&firstin=ture&issuer_stock_code=6846&monyr_reg=202608&pg=&step=0&tg=
2026-09-04,8422,可寧衛股份有限公司,可寧衛股份有限公司國內第二次無擔保轉換公司債,114/04/07,https://mopsov.twse.com.tw/mops/web/t120sg01?TYPEK=&bond_id=84222&bond_kind=5&bond_subn=%24M00000001&bond_yrn=2&come=2&encodeURIComponent=1&firstin=ture&issuer_stock_code=8422&monyr_reg=202608&pg=&step=0&tg=
2026-09-04,6873,泓德能源科技股份有限公司,泓德能源科技股份有限公司國內第二次無擔保轉換公司債,114/05/29,https://mopsov.twse.com.tw/mops/web/t120sg01?TYPEK=&bond_id=68732&bond_kind=5&bond_subn=%24M00000001&bond_yrn=2&come=2&encodeURIComponent=1&firstin=ture&issuer_stock_code=6873&monyr_reg=202608&pg=&step=0&tg=
2026-09-04,4129,聯合骨科器材股份有限公司,聯合骨科器材股份有限公司國內第五次無擔保轉換公司債,114/05/29,https://mopsov.twse.com.tw/mops/web/t120sg01?TYPEK=&bond_id=41295&bond_kind=5&bond_subn=%24M00000001&bond_yrn=5&come=2&encodeURIComponent=1&firstin=ture&issuer_stock_code=4129&monyr_reg=202609&pg=&step=0&tg=
2026-09-04,4164,承業生醫投資控股股份有限公司,承業生醫投資控股股份有限公司國內第五次無擔保轉換公司債,114/06/20,https://mopsov.twse.com.tw/mops/web/t120sg01?TYPEK=&bond_id=41645&bond_kind=5&bond_subn=%24M00000001&bond_yrn=5&come=2&encodeURIComponent=1&firstin=ture&issuer_stock_code=4164&monyr_reg=202608&pg=&step=0&tg=
2026-09-04,6538,倉和股份有限公司,倉和股份有限公司國內第一次無擔保轉換公司債,114/06/26,https://mopsov.twse.com.tw/mops/web/t120sg01?TYPEK=&bond_id=65381&bond_kind=5&bond_subn=%24M00000001&bond_yrn=1&come=2&encodeURIComponent=1&firstin=ture&issuer_stock_code=6538&monyr_reg=202608&pg=&step=0&tg=
2026-09-04,3526,凡甲科技股份有限公司,凡甲科技股份有限公司國內第七次無擔保轉換公司債,114/07/24,https://mopsov.twse.com.tw/mops/web/t120sg01?TYPEK=&bond_id=35267&bond_kind=5&bond_subn=%24M00000001&bond_yrn=7&come=2&encodeURIComponent=1&firstin=ture&issuer_stock_code=3526&monyr_reg=202608&pg=&step=0&tg=
2026-09-04,3131,弘塑科技股份有限公司,弘塑科技股份有限公司國內第一次無擔保轉換公司債,114/07/30,https://mopsov.twse.com.tw/mops/web/t120sg01?TYPEK=&bond_id=31311&bond_kind=5&bond_subn=%24M00000001&bond_yrn=1&come=2&encodeURIComponent=1&firstin=ture&issuer_stock_code=3131&monyr_reg=202608&pg=&step=0&tg=
2026-09-04,8411,福貞控股股份有限公司,福貞控股股份有限公司第三次有擔保轉換公司債,114/08/01,https://mopsov.twse.com.tw/mops/web/t120sg01?TYPEK=&bond_id=84113&bond_kind=5&bond_subn=%24M00000001&bond_yrn=3&come=2&encodeURIComponent=1&firstin=ture&issuer_stock_code=8411&monyr_reg=202608&pg=&step=0&tg=
2026-09-04,3131,弘塑科技股份有限公司,弘塑科技股份有限公司國內第二次無擔保轉換公司債,114/08/05,https://mopsov.twse.com.tw/mops/web/t120sg01?TYPEK=&bond_id=31312&bond_kind=5&bond_subn=%24M00000001&bond_yrn=2&come=2&encodeURIComponent=1&firstin=ture&issuer_stock_code=3131&monyr_reg=202608&pg=&step=0&tg=
2026-09-04,2641,正德海運股份有限公司,正德海運股份有限公司國內第八次無擔保轉換公司債,114/08/06,https://mopsov.twse.com.tw/mops/web/t120sg01?TYPEK=&bond_id=26418&bond_kind=5&bond_subn=%24M00000001&bond_yrn=8&come=2&encodeURIComponent=1&firstin=ture&issuer_stock_code=2641&monyr_reg=202608&pg=&step=0&tg=
2026-09-04,3707,漢磊科技股份有限公司,漢磊科技股份有限公司國內第五次無擔保轉換公司債,114/08/20,https://mopsov.twse.com.tw/mops/web/t120sg01?TYPEK=&bond_id=37075&bond_kind=5&bond_subn=%24M00000001&bond_yrn=5&come=2&encodeURIComponent=1&firstin=ture&issuer_stock_code=3707&monyr_reg=202608&pg=&step=0&tg=
2026-09-04,5439,高技企業股份有限公司,高技企業股份有限公司國內第一次無擔保轉換公司債,114/09/09,https://mopsov.twse.com.tw/mops/web/t120sg01?TYPEK=&bond_id=54391&bond_kind=5&bond_subn=%24M00000001&bond_yrn=1&come=2&encodeURIComponent=1&firstin=ture&issuer_stock_code=5439&monyr_reg=202608&pg=&step=0&tg=
2026-09-04,4113,聯上實業股份有限公司,聯上實業股份有限公司國內第五次有擔保轉換公司債,114/10/27,https://mopsov.twse.com.tw/mops/web/t120sg01?TYPEK=&bond_id=41135&bond_kind=5&bond_subn=%24M00000001&bond_yrn=5&come=2&encodeURIComponent=1&firstin=ture&issuer_stock_code=4113&monyr_reg=202608&pg=&step=0&tg=
2026-09-04,3037,欣興電子股份有限公司,欣興電子股份有限公司國內第一次無擔保轉換公司債,114/11/03,https://mopsov.twse.com.tw/mops/web/t120sg01?TYPEK=&bond_id=30371&bond_kind=5&bond_subn=%24M00000001&bond_yrn=1&come=2&encodeURIComponent=1&firstin=ture&issuer_stock_code=3037&monyr_reg=202608&pg=&step=0&tg=
2026-09-04,3032,偉訓科技股份有限公司,偉訓科技股份有限公司國內第二次無擔保轉換公司債,114/11/25,https://mopsov.twse.com.tw/mops/web/t120sg01?TYPEK=&bond_id=30322&bond_kind=5&bond_subn=%24M00000001&bond_yrn=2&come=2&encodeURIComponent=1&firstin=ture&issuer_stock_code=3032&monyr_reg=202608&pg=&step=0&tg=
2026-09-04,5309,系統電子工業股份有限公司,系統電子工業股份有限公司國內第六次無擔保轉換公司債,114/12/12,https://mopsov.twse.com.tw/mops/web/t120sg01?TYPEK=&bond_id=53096&bond_kind=5&bond_subn=%24M00000001&bond_yrn=6&come=2&encodeURIComponent=1&firstin=ture&issuer_stock_code=5309&monyr_reg=202608&pg=&step=0&tg=
2026-09-04,4739,康普材料科技股份有限公司,康普材料科技股份有限公司國內第四次有擔保轉換公司債,114/12/17,https://mopsov.twse.com.tw/mops/web/t120sg01?TYPEK=&bond_id=47394&bond_kind=5&bond_subn=%24M00000001&bond_yrn=4&come=2&encodeURIComponent=1&firstin=ture&issuer_stock_code=4739&monyr_reg=202608&pg=&step=0&tg=
2026-09-04,8021,尖點科技股份有限公司,尖點科技股份有限公司國內第二次無擔保轉換公司債,115/01/20,https://mopsov.twse.com.tw/mops/web/t120sg01?TYPEK=&bond_id=80212&bond_kind=5&bond_subn=%24M00000002&bond_yrn=2&come=2&encodeURIComponent=1&firstin=ture&issuer_stock_code=8021&monyr_reg=202608&pg=&step=0&tg=
2026-09-04,2374,佳能企業股份有限公司,佳能企業股份有限公司國內第二次無擔保轉換公司債,115/02/02,https://mopsov.twse.com.tw/mops/web/t120sg01?TYPEK=&bond_id=23742&bond_kind=5&bond_subn=%24M00000001&bond_yrn=2&come=2&encodeURIComponent=1&firstin=ture&issuer_stock_code=2374&monyr_reg=202608&pg=&step=0&tg=
2026-09-04,3587,閎康科技股份有限公司,閎康科技股份有限公司國內第二次無擔保轉換公司債,115/02/04,https://mopsov.twse.com.tw/mops/web/t120sg01?TYPEK=&bond_id=35872&bond_kind=5&bond_subn=%24M00000001&bond_yrn=2&come=2&encodeURIComponent=1&firstin=ture&issuer_stock_code=3587&monyr_reg=202608&pg=&step=0&tg=
2026-09-04,8299,群聯電子股份有限公司,群聯電子股份有限公司國內第三次無擔保轉換公司債,115/02/06,https://mopsov.twse.com.tw/mops/web/t120sg01?TYPEK=&bond_id=82993&bond_kind=5&bond_subn=%24M00000001&bond_yrn=3&come=2&encodeURIComponent=1&firstin=ture&issuer_stock_code=8299&monyr_reg=202608&pg=&step=0&tg=
2026-09-04,2236,百達精密工業股份有限公司,百達精密工業股份有限公司中華民國境內第三次無擔保轉換公司債,115/02/10,https://mopsov.twse.com.tw/mops/web/t120sg01?TYPEK=&bond_id=22363&bond_kind=5&bond_subn=%24M00000001&bond_yrn=3&come=2&encodeURIComponent=1&firstin=ture&issuer_stock_code=2236&monyr_reg=202608&pg=&step=0&tg=
2026-09-04,3324,雙鴻科技股份有限公司,雙鴻科技股份有限公司國內第六次無擔保轉換公司債,115/03/02,https://mopsov.twse.com.tw/mops/web/t120sg01?TYPEK=&bond_id=33246&bond_kind=5&bond_subn=%24M00000001&bond_yrn=6&come=2&encodeURIComponent=1&firstin=ture&issuer_stock_code=3324&monyr_reg=202608&pg=&step=0&tg=
2026-09-04,5534,長虹建設股份有限公司,長虹建設股份有限公司國內第四次無擔保轉換公司債,115/03/11,https://mopsov.twse.com.tw/mops/web/t120sg01?TYPEK=&bond_id=55344&bond_kind=5&bond_subn=%24M00000001&bond_yrn=4&come=2&encodeURIComponent=1&firstin=ture&issuer_stock_code=5534&monyr_reg=202608&pg=&step=0&tg=
2026-09-04,3324,雙鴻科技股份有限公司,雙鴻科技股份有限公司國內第七次無擔保轉換公司債,115/03/16,https://mopsov.twse.com.tw/mops/web/t120sg01?TYPEK=&bond_id=33247&bond_kind=5&bond_subn=%24M00000001&bond_yrn=7&come=2&encodeURIComponent=1&firstin=ture&issuer_stock_code=3324&monyr_reg=202608&pg=&step=0&tg=
2026-09-04,4113,聯上實業股份有限公司,聯上實業股份有限公司國內第六次無擔保轉換公司債,115/03/20,https://mopsov.twse.com.tw/mops/web/t120sg01?TYPEK=&bond_id=41136&bond_kind=5&bond_subn=%24M00000001&bond_yrn=6&come=2&encodeURIComponent=1&firstin=ture&issuer_stock_code=4113&monyr_reg=202608&pg=&step=0&tg=
2026-09-04,6472,保瑞藥業股份有限公司,保瑞藥業股份有限公司國內第四次無擔保轉換公司債,115/04/01,https://mopsov.twse.com.tw/mops/web/t120sg01?TYPEK=&bond_id=64724&bond_kind=5&bond_subn=%24M00000001&bond_yrn=4&come=2&encodeURIComponent=1&firstin=ture&issuer_stock_code=6472&monyr_reg=202608&pg=&step=0&tg=
2026-09-04,6472,保瑞藥業股份有限公司,保瑞藥業股份有限公司國內第五次無擔保轉換公司債,115/04/15,https://mopsov.twse.com.tw/mops/web/t120sg01?TYPEK=&bond_id=64725&bond_kind=5&bond_subn=%24M00000001&bond_yrn=5&come=2&encodeURIComponent=1&firstin=ture&issuer_stock_code=6472&monyr_reg=202608&pg=&step=0&tg=
2026-09-04,4123,晟德大藥廠股份有限公司,晟德大藥廠股份有限公司國內第八次無擔保轉換公司債,115/05/04,https://mopsov.twse.com.tw/mops/web/t120sg01?TYPEK=&bond_id=41238&bond_kind=5&bond_subn=%24M00000001&bond_yrn=8&come=2&encodeURIComponent=1&firstin=ture&issuer_stock_code=4123&monyr_reg=202608&pg=&step=0&tg=
2026-09-04,3680,家登精密工業股份有限公司,家登精密工業股份有限公司國內第五次無擔保轉換公司債,115/05/08,https://mopsov.twse.com.tw/mops/web/t120sg01?TYPEK=&bond_id=36805&bond_kind=5&bond_subn=%24M00000001&bond_yrn=5&come=2&encodeURIComponent=1&firstin=ture&issuer_stock_code=3680&monyr_reg=202608&pg=&step=0&tg=
2026-09-04,4123,晟德大藥廠股份有限公司,晟德大藥廠股份有限公司國內第九次無擔保轉換公司債,115/05/14,https://mopsov.twse.com.tw/mops/web/t120sg01?TYPEK=&bond_id=41239&bond_kind=5&bond_subn=%24M00000001&bond_yrn=9&come=2&encodeURIComponent=1&firstin=ture&issuer_stock_code=4123&monyr_reg=202608&pg=&step=0&tg=
2026-09-04,6803,崑鼎綠能環保股份有限公司,崑鼎綠能環保股份有限公司國內第二次無擔保轉換公司債,115/05/21,https://mopsov.twse.com.tw/mops/web/t120sg01?TYPEK=&bond_id=68032&bond_kind=5&bond_subn=%24M00000001&bond_yrn=2&come=2&encodeURIComponent=1&firstin=ture&issuer_stock_code=6803&monyr_reg=202608&pg=&step=0&tg=
2026-09-04,3680,家登精密工業股份有限公司,家登精密工業股份有限公司國內第六次無擔保轉換公司債,115/05/21,https://mopsov.twse.com.tw/mops/web/t120sg01?TYPEK=&bond_id=36806&bond_kind=5&bond_subn=%24M00000001&bond_yrn=6&come=2&encodeURIComponent=1&firstin=ture&issuer_stock_code=3680&monyr_reg=202608&pg=&step=0&tg=
2026-09-04,1717,長興材料工業股份有限公司,長興材料工業股份有限公司國內第二次無擔保轉換公司債,115/06/08,https://mopsov.twse.com.tw/mops/web/t120sg01?TYPEK=&bond_id=17172&bond_kind=5&bond_subn=%24M00000001&bond_yrn=2&come=2&encodeURIComponent=1&firstin=ture&issuer_stock_code=1717&monyr_reg=202608&pg=&step=0&tg=
2026-09-04,3491,昇達科技股份有限公司,昇達科技股份有限公司國內第三次無擔保轉換公司債,115/06/09,https://mopsov.twse.com.tw/mops/web/t120sg01?TYPEK=&bond_id=34913&bond_kind=5&bond_subn=%24M00000001&bond_yrn=3&come=2&encodeURIComponent=1&firstin=ture&issuer_stock_code=3491&monyr_reg=202608&pg=&step=0&tg=
2026-09-04,6223,旺矽科技股份有限公司,旺矽科技股份有限公司國內第六次無擔保轉換公司債,115/06/15,https://mopsov.twse.com.tw/mops/web/t120sg01?TYPEK=&bond_id=62236&bond_kind=5&bond_subn=%24M00000001&bond_yrn=6&come=2&encodeURIComponent=1&firstin=ture&issuer_stock_code=6223&monyr_reg=202608&pg=&step=0&tg=
2026-09-04,8112,至上電子股份有限公司,至上電子股份有限公司國內第十一次無擔保轉換公司債,115/06/23,https://mopsov.twse.com.tw/mops/web/t120sg01?TYPEK=&bond_id=811211&bond_kind=5&bond_subn=%24M00000001&bond_yrn=11&come=2&encodeURIComponent=1&firstin=ture&issuer_stock_code=8112&monyr_reg=202608&pg=&step=0&tg=
2026-09-04,3028,增你強股份有限公司,增你強股份有限公司國內第五次無擔保轉換公司債,115/07/24,https://mopsov.twse.com.tw/mops/web/t120sg01?TYPEK=&bond_id=30285&bond_kind=5&bond_subn=%24M00000001&bond_yrn=5&come=2&encodeURIComponent=1&firstin=ture&issuer_stock_code=3028&monyr_reg=202608&pg=&step=0&tg=
2026-09-04,8155,博智電子股份有限公司,博智電子股份有限公司國內第二次無擔保轉換公司債,115/08/03,https://mopsov.twse.com.tw/mops/web/t120sg01?TYPEK=&bond_id=81552&bond_kind=5&bond_subn=%24M00000001&bond_yrn=2&come=2&encodeURIComponent=1&firstin=ture&issuer_stock_code=8155&monyr_reg=202608&pg=&step=0&tg=
2026-09-04,3141,晶宏半導體股份有限公司,晶宏半導體股份有限公司國內第四次無擔保轉換公司債,115/08/07,https://mopsov.twse.com.tw/mops/web/t120sg01?TYPEK=&bond_id=31414&bond_kind=5&bond_subn=%24M00000001&bond_yrn=4&come=2&encodeURIComponent=1&firstin=ture&issuer_stock_code=3141&monyr_reg=202608&pg=&step=0&tg=
2026-09-04,2303,聯華電子股份有限公司,聯華電子股份有限公司國內第一次無擔保轉換公司債,115/08/07,https://mopsov.twse.com.tw/mops/web/t120sg01?TYPEK=&bond_id=23031&bond_kind=5&bond_subn=%24M00000001&bond_yrn=1&come=2&encodeURIComponent=1&firstin=ture&issuer_stock_code=2303&monyr_reg=202608&pg=&step=0&tg=
2026-09-04,8155,博智電子股份有限公司,博智電子股份有限公司國內第三次無擔保轉換公司債,115/08/13,https://mopsov.twse.com.tw/mops/web/t120sg01?TYPEK=&bond_id=81553&bond_kind=5&bond_subn=%24M00000001&bond_yrn=3&come=2&encodeURIComponent=1&firstin=ture&issuer_stock_code=8155&monyr_reg=202608&pg=&step=0&tg=
2026-09-04,4967,十銓科技股份有限公司,十銓科技股份有限公司國內第五次無擔保轉換公司債,115/08/18,https://mopsov.twse.com.tw/mops/web/t120sg01?TYPEK=&bond_id=49675&bond_kind=5&bond_subn=%24M00000001&bond_yrn=5&come=2&encodeURIComponent=1&firstin=ture&issuer_stock_code=4967&monyr_reg=202608&pg=&step=0&tg=
2026-09-04,2303,聯華電子股份有限公司,聯華電子股份有限公司國內第二次無擔保轉換公司債,115/09/03,https://mopsov.twse.com.tw/mops/web/t120sg01?TYPEK=&bond_id=23032&bond_kind=5&bond_subn=%24M00000001&bond_yrn=2&come=2&encodeURIComponent=1&firstin=ture&issuer_stock_code=2303&monyr_reg=202608&pg=&step=0&tg=
